isin,kind
ARARGE3209S6,corporate
AT0000383864,government
AT0000A04967,government
AT0000A0U299,government
AT0000A0VRQ6,government
AT0000A10683,government
AT0000A1K9C8,government
AT0000A1K9F1,government
AT0000A1PEF7,government
AT0000A1VGK0,government
AT0000A1XML2,government
AT0000A1ZGE4,government
AT0000A21LA8,corporate
AT0000A269M8,government
AT0000A26PP6,corporate
AT0000A2AEA8,corporate
AT0000A2HLC4,government
AT0000A2KQ43,government
AT0000A2NW83,government
AT0000A2QQB6,government
AT0000A2T198,government
AT0000A2VB47,government
AT0000A2WSC8,government
AT0000A2Y8G4,government
AT0000A320H9,corporate
AT0000A324S8,government
AT0000A33SH3,government
AT0000A33SK7,government
AT0000A37249,corporate
AT0000A38239,government
AT0000A39UW5,government
AT0000A3D3Q8,government
AT0000A3EPP2,government
AT0000A3HU25,government
AT0000A3K8Q8,corporate
AT0000A3PGY9,corporate
AT0000A3RVH9,government
AT0000A3USC0,corporate
AT0000A3V234,government
AT000B044599,corporate
AT000B126032,corporate
AT000B126057,corporate
AT000B126420,corporate
AT000B129218,corporate
AT000B129267,corporate
AU0000013740,government
AU0000018442,government
AU0000087454,government
AU0000097495,government
AU0000101792,government
AU0000249302,government
AU0000253197,corporate
AU0000300535,government
AU0000345241,government
AU000XCLWAG2,government
AU000XCLWAM0,government
AU000XCLWAR9,government
AU000XCLWAS7,government
AU000XCLWAU3,government
AU3CB0249373,corporate
AU3CB0276160,government
AU3CB0295681,government
AU3CB0306934,government
AU3CB0325645,corporate
AU3CB0334613,corporate
AU3CB0338218,government
AU3CB0338747,corporate
AU3SG0002702,government
AU3SG0002710,government
AU3SG0002769,government
AU3SG0003064,government
AU3SG0003163,government
AU3SG0003379,government
AU3TB0000135,government
AU3TB0000150,government
AU3TB0000192,government
BE0000291972,government
BE0000304130,government
BE0000320292,government
BE0000326356,government
BE0000331406,government
BE0000335449,government
BE0000344532,government
BE0000347568,government
BE0000349580,government
BE0000350596,government
BE0000351602,government
BE0000352618,government
BE0000354630,government
BE0000357666,government
BE0000358672,government
BE0000360694,government
BE0000361700,government
BE0000362716,government
BE0000363722,government
BE0000364738,government
BE0000365743,government
BE0002735166,corporate
BE0002737188,corporate
BE0002775568,corporate
BE0002827088,corporate
BE0002920016,corporate
BE0002924059,corporate
BE0002976570,corporate
BE0312822944,government
BE0390267368,corporate
BE3871271016,government
BE3871281114,government
BE3871285156,government
BE3871288184,government
BE3871290206,government
BE3871292228,government
BE3871293234,government
BE3871303330,government
BE3871306366,government
BE3871307372,government
BE3871308388,government
BE6285457519,corporate
BE6352800765,corporate
BE6360448615,corporate
BE6360449621,corporate
CA110709GJ55,government
CA135087D358,government
CA135087H235,government
CA135087J397,government
CA135087R713,government
CA135087S547,government
CA135087U287,government
CA135087XW98,government
CA68333ZAG24,government
CA780086XL38,corporate
CA89117F7G86,corporate
CH0004724545,government
CH0008680370,government
CH0008982974,corporate
CH0020632144,government
CH0024524966,government
CH0031835561,government
CH0115967397,corporate
CH0124138840,corporate
CH0127181193,government
CH0128891105,corporate
CH0135998638,corporate
CH0136611800,government
CH0147144361,corporate
CH0149549575,corporate
CH0181377042,government
CH0184636915,corporate
CH0192241278,corporate
CH0199419992,government
CH0224397171,government
CH0224397346,government
CH0240109618,corporate
CH0253514761,corporate
CH0260067779,government
CH0262881441,corporate
CH0268988182,corporate
CH0270191007,corporate
CH0271288547,corporate
CH0273485398,corporate
CH0292877898,corporate
CH0310646523,corporate
CH0312512715,corporate
CH0316994653,corporate
CH0319415920,corporate
CH0330143188,corporate
CH0337172313,corporate
CH0337645581,corporate
CH0338330472,corporate
CH0343366784,corporate
CH0344583866,corporate
CH0344958688,government
CH0353945394,corporate
CH0360172701,corporate
CH0360172768,corporate
CH0360677287,corporate
CH0361532945,corporate
CH0370943547,corporate
CH0373476123,corporate
CH0373476164,corporate
CH0373476412,corporate
CH0373476636,corporate
CH0373476966,corporate
CH0373945036,government
CH0373945093,corporate
CH0379268698,corporate
CH0380011574,government
CH0383104335,corporate
CH0383104343,corporate
CH0385518045,corporate
CH0389606085,corporate
CH0398633492,corporate
CH0398633922,corporate
CH0398678919,corporate
CH0399611307,corporate
CH0413618361,corporate
CH0419040842,corporate
CH0419040982,corporate
CH0419040990,corporate
CH0419041139,corporate
CH0419041188,corporate
CH0419041220,corporate
CH0419041287,corporate
CH0419041493,corporate
CH0419041527,corporate
CH0419041659,corporate
CH0428194259,corporate
CH0440081567,government
CH0441186506,corporate
CH0446595677,government
CH0449619052,corporate
CH0461238898,government
CH0461239029,corporate
CH0461239060,corporate
CH0461239110,corporate
CH0471297991,corporate
CH0474977698,corporate
CH0479514280,corporate
CH0482172407,corporate
CH0483180979,government
CH0485252784,corporate
CH0485252818,corporate
CH0487087295,corporate
CH0488506681,corporate
CH0496692978,corporate
CH0505011947,corporate
CH0506071163,corporate
CH0506071171,corporate
CH0506071189,corporate
CH0506071239,corporate
CH0511762061,corporate
CH0515152467,corporate
CH0517825276,corporate
CH0517825292,corporate
CH0520663672,corporate
CH0521333655,corporate
CH0522158846,corporate
CH0522158887,corporate
CH0525158371,corporate
CH0525158447,corporate
CH0525158462,corporate
CH0536892703,corporate
CH0536892737,government
CH0536893230,corporate
CH0536893321,corporate
CH0536893412,corporate
CH0545766542,government
CH0550413337,corporate
CH0550413345,corporate
CH0553331817,corporate
CH0554992062,corporate
CH0564642079,corporate
CH0566511496,corporate
CH0570576113,corporate
CH0570576121,corporate
CH0570576154,corporate
CH0570576568,corporate
CH0572327002,corporate
CH0576402181,corporate
CH0581947816,corporate
CH0589031035,corporate
CH0591979627,corporate
CH0592087230,corporate
CH0593093211,corporate
CH0593093229,corporate
CH0593893990,corporate
CH0595205524,corporate
CH0597857785,corporate
CH1101825797,corporate
CH1105672658,corporate
CH1105672682,corporate
CH1109638499,corporate
CH1112011536,corporate
CH1112455808,corporate
CH1118483747,corporate
CH1121837244,corporate
CH1121837251,corporate
CH1127263981,corporate
CH1129053786,corporate
CH1130818847,corporate
CH1131931250,corporate
CH1132966263,corporate
CH1132966289,corporate
CH1137122797,corporate
CH1137122847,corporate
CH1137407412,corporate
CH1139995786,corporate
CH1141700547,corporate
CH1142231716,corporate
CH1142754253,corporate
CH1142754311,corporate
CH1142754329,corporate
CH1142754337,corporate
CH1146382481,corporate
CH1148266211,corporate
CH1148308732,corporate
CH1148308740,corporate
CH1148728111,corporate
CH1148728129,corporate
CH1151526204,corporate
CH1154887116,corporate
CH1154887132,corporate
CH1159841332,corporate
CH1159841340,corporate
CH1160382979,corporate
CH1168499775,corporate
CH1170565753,corporate
CH1170565761,corporate
CH1174335740,corporate
CH1177791840,government
CH1179534933,corporate
CH1179534941,corporate
CH1189218006,corporate
CH1191066187,corporate
CH1194000316,corporate
CH1194000357,corporate
CH1194355066,corporate
CH1196217009,corporate
CH1204259779,corporate
CH1206367430,corporate
CH1206367463,corporate
CH1210198136,corporate
CH1210198144,corporate
CH1211713172,government
CH1211713198,corporate
CH1211713230,corporate
CH1212189158,corporate
CH1214797172,corporate
CH1214797206,corporate
CH1218301971,corporate
CH1223665063,corporate
CH1224575899,corporate
CH1224630231,corporate
CH1226543879,corporate
CH1228837907,corporate
CH1231312682,government
CH1231312690,corporate
CH1236363391,corporate
CH1239464709,corporate
CH1242969199,corporate
CH1248666930,corporate
CH1249416087,corporate
CH1253456102,corporate
CH1255915006,corporate
CH1255915014,corporate
CH1255924453,corporate
CH1264414348,corporate
CH1266847149,corporate
CH1267329279,corporate
CH1268922171,corporate
CH1271360583,government
CH1274703144,corporate
CH1277028440,corporate
CH1277582016,corporate
CH1280994281,corporate
CH1280994307,corporate
CH1290222335,corporate
CH1290222467,corporate
CH1290222566,corporate
CH1290870893,corporate
CH1290870901,corporate
CH1290870950,corporate
CH1290871040,corporate
CH1290975528,corporate
CH1291809908,corporate
CH1291809916,corporate
CH1292012775,corporate
CH1293238015,corporate
CH1298957064,corporate
CH1300224875,corporate
CH1300224883,corporate
CH1300277824,corporate
CH1300277865,corporate
CH1300950008,corporate
CH1300950032,corporate
CH1305916731,corporate
CH1305916889,corporate
CH1305916897,corporate
CH1314941381,corporate
CH1314941399,corporate
CH1314941423,corporate
CH1314941431,corporate
CH1314941456,corporate
CH1319968579,corporate
CH1319968595,corporate
CH1321481488,corporate
CH1321481496,corporate
CH1321481546,corporate
CH1321508355,corporate
CH1321737780,corporate
CH1322499612,corporate
CH1323274055,corporate
CH1325807860,corporate
CH1331113469,corporate
CH1331113477,corporate
CH1331113535,corporate
CH1344316745,corporate
CH1344316778,corporate
CH1346742864,corporate
CH1346742930,corporate
CH1346742948,corporate
CH1346743078,corporate
CH1348614061,corporate
CH1350727801,corporate
CH1356570338,corporate
CH1357852677,corporate
CH1357852685,corporate
CH1357852735,corporate
CH1357852784,corporate
CH1361401867,corporate
CH1361401875,corporate
CH1361401883,corporate
CH1361401891,corporate
CH1373904411,corporate
CH1373904510,corporate
CH1373904544,corporate
CH1376931536,corporate
CH1376931544,corporate
CH1376931569,corporate
CH1376931577,corporate
CH1376931585,corporate
CH1377955617,corporate
CH1380011291,corporate
CH1380011309,corporate
CH1380011317,corporate
CH1392903592,corporate
CH1396329752,corporate
CH1396329786,corporate
CH1400000019,corporate
CH1400000035,corporate
CH1400064528,corporate
CH1400064551,government
CH1400064569,corporate
CH1400064601,corporate
CH1405471975,corporate
CH1405472015,corporate
CH1405472023,corporate
CH1412302916,corporate
CH1414003520,government
CH1415780134,corporate
CH1415780159,government
CH1416172349,corporate
CH1416797517,corporate
CH1418473448,government
CH1423036768,corporate
CH1423036776,corporate
CH1423036842,corporate
CH1423036867,corporate
CH1423036875,corporate
CH1423036891,corporate
CH1423931646,corporate
CH1423931653,corporate
CH1426717240,corporate
CH1427866657,government
CH1428648294,corporate
CH1428855923,corporate
CH1428867092,corporate
CH1433241168,corporate
CH1433241184,corporate
CH1435012104,corporate
CH1446452299,corporate
CH1446452307,corporate
CH1446452356,corporate
CH1449583736,corporate
CH1449583744,corporate
CH1449583785,corporate
CH1450810218,corporate
CH1454185773,corporate
CH1454185781,corporate
CH1454185807,government
CH1455989991,corporate
CH1455990015,corporate
CH1455990098,corporate
CH1455990106,corporate
CH1457716475,corporate
CH1457738016,corporate
CH1461438173,government
CH1471403761,corporate
CH1471403779,corporate
CH1471403787,corporate
CH1471403902,corporate
CH1474856957,corporate
CH1474856965,corporate
CH1474856981,corporate
CH1474857005,government
CH1474857047,corporate
CH1477661255,corporate
CH1477661297,corporate
CH1478430718,corporate
CH1478430791,corporate
CH1484612093,government
CH1485826999,corporate
CH1485827047,corporate
CH1485827070,corporate
CH1485827336,corporate
CH1485827344,corporate
CH1485827385,government
CH1485827419,corporate
CH1487332079,corporate
CH1494626331,corporate
CH1494626398,corporate
CH1498422992,corporate
CH1500439638,corporate
CH1501970607,corporate
CH1503892650,corporate
CH1503892726,corporate
CH1503892783,corporate
CH1504033676,government
CH1504033700,corporate
CH1504033718,corporate
CH1512676839,corporate
CH1512676862,corporate
CH1512676896,corporate
CH1512676904,corporate
CH1513428404,corporate
CH1513428453,corporate
CH1515238470,corporate
CH1515238488,corporate
CH1515238637,corporate
CH1515238660,corporate
CH1515238736,corporate
CH1516795940,corporate
CH1521313051,government
CH1522231211,government
CH1523561939,corporate
CH1523561954,corporate
CH1523561970,corporate
CH1523562002,corporate
CH1523562028,government
CH1526684712,corporate
CH1533151044,corporate
CH1537606811,corporate
CH1538715330,corporate
CH1538715363,corporate
CH1538715371,corporate
CH1538715397,corporate
CH1540977266,corporate
CH1540977274,corporate
CH1543592732,corporate
CH1544304103,government
CH1548688279,corporate
CH1548688311,corporate
CH1548688329,corporate
CH1548688378,corporate
CH1548828412,corporate
CH1552014230,corporate
CH1552014370,corporate
CH1562934526,corporate
CH1562934708,corporate
CH1562934716,corporate
CH1562934740,corporate
CH1562934781,corporate
CH1564488588,corporate
CH1564488653,corporate
CH1564488687,corporate
CH1564488737,corporate
CH1564881998,corporate
CH1564882004,corporate
CH1568283811,corporate
CH1571219281,government
CH1571219323,corporate
CH1571219349,corporate
CH1572819972,corporate
CH1574864281,corporate
CH1578978947,corporate
CH1580409089,corporate
CH1580409279,corporate
CH1581468134,corporate
CH1593191021,corporate
CH1593191039,corporate
CH1593191062,corporate
CZ0001006043,government
DE0001030559,government
DE0001030575,government
DE0001030583,government
DE0001030708,government
DE0001030724,government
DE0001030732,government
DE0001030740,government
DE0001030757,government
DE0001053908,government
DE0001053916,government
DE0001053940,government
DE0001102341,government
DE0001102416,government
DE0001102424,government
DE0001102432,government
DE0001102440,government
DE0001102457,government
DE0001102465,government
DE0001102473,government
DE0001102481,government
DE0001102499,government
DE0001102507,government
DE0001102515,government
DE0001102523,government
DE0001102531,government
DE0001102549,government
DE0001102556,government
DE0001102564,government
DE0001102572,government
DE0001102580,government
DE0001102598,government
DE0001102606,government
DE0001102614,government
DE0001102622,government
DE0001135069,government
DE0001135085,government
DE0001135143,government
DE0001135176,government
DE0001135226,government
DE0001135275,government
DE0001135325,government
DE0001135366,government
DE0001135432,government
DE0001135481,government
DE0001141844,government
DE0001141851,government
DE0001141869,government
DE0001789303,government
DE0005229942,corporate
DE000A0D24Z1,corporate
DE000A0DEN75,corporate
DE000A0JND05,corporate
DE000A13SL34,corporate
DE000A14JZN7,government
DE000A14JZZ1,government
DE000A169NC2,corporate
DE000A185QB3,corporate
DE000A19S801,corporate
DE000A1E8W96,corporate
DE000A1HG1K6,corporate
DE000A1K0K53,corporate
DE000A1RQC69,government
DE000A1RQDW4,government
DE000A1RQEK7,government
DE000A1RQEN1,government
DE000A1RQEQ4,government
DE000A1RQET8,government
DE000A1TNA39,corporate
DE000A1UDWN5,corporate
DE000A254PP9,government
DE000A289C48,government
DE000A289QR9,corporate
DE000A289RK2,government
DE000A289XG8,corporate
DE000A289YC5,corporate
DE000A2AASM1,corporate
DE000A2BPA51,corporate
DE000A2DADL9,corporate
DE000A2DAR65,government
DE000A2E4PH3,corporate
DE000A2E4Q88,corporate
DE000A2G9JL5,corporate
DE000A2GSB86,corporate
DE000A2GSCW3,corporate
DE000A2GSCX1,corporate
DE000A2GSFA2,government
DE000A2GSLY0,corporate
DE000A2GSNR0,government
DE000A2LQKU4,corporate
DE000A2LQPD9,government
DE000A2LQQD7,corporate
DE000A2LQSH4,government
DE000A2NBGG9,government
DE000A2NBY22,corporate
DE000A2NBZ21,corporate
DE000A2R9ZU9,corporate
DE000A2TR083,corporate
DE000A2TSDE2,corporate
DE000A2TSDW4,corporate
DE000A2TSEC4,corporate
DE000A2YB7B5,corporate
DE000A2YN256,corporate
DE000A2YN2U2,corporate
DE000A2YN2V0,corporate
DE000A2YNXQ5,corporate
DE000A2YNZ16,government
DE000A2YNZW8,corporate
DE000A2YNZX6,corporate
DE000A2YNZY4,corporate
DE000A2YPEZ1,corporate
DE000A2YPFU9,corporate
DE000A30V2U2,corporate
DE000A30V3F1,corporate
DE000A30V5F6,corporate
DE000A30V6L2,corporate
DE000A30V877,government
DE000A30V8Q7,government
DE000A30V9J0,government
DE000A30V9M4,government
DE000A30VJW3,corporate
DE000A30VJX1,corporate
DE000A30VT97,corporate
DE000A30VUP4,corporate
DE000A30WF84,corporate
DE000A30WFV1,corporate
DE000A31RJZ2,corporate
DE000A3511S2,corporate
DE000A3512U6,government
DE000A351405,corporate
DE000A351488,corporate
DE000A351K90,corporate
DE000A351MJ3,corporate
DE000A351MT2,government
DE000A351NK9,corporate
DE000A351NS2,corporate
DE000A351P38,corporate
DE000A351PD9,corporate
DE000A351SC5,government
DE000A351U49,corporate
DE000A351UP3,government
DE000A351WB9,corporate
DE000A351XF8,corporate
DE000A351XK8,corporate
DE000A351XW3,corporate
DE000A351Y94,government
DE000A352ED1,government
DE000A382400,government
DE000A382475,government
DE000A3825T4,corporate
DE000A382616,corporate
DE000A382640,corporate
DE000A382665,corporate
DE000A3827A0,corporate
DE000A3827B8,corporate
DE000A3827R4,corporate
DE000A382830,corporate
DE000A382897,corporate
DE000A382905,corporate
DE000A382962,corporate
DE000A382988,corporate
DE000A3829D0,corporate
DE000A383B10,government
DE000A383BE0,corporate
DE000A383C76,corporate
DE000A383EL9,corporate
DE000A383EM7,corporate
DE000A383FH4,corporate
DE000A383GQ3,corporate
DE000A383P48,government
DE000A383RA4,corporate
DE000A383RQ0,corporate
DE000A383SN5,government
DE000A383SZ9,corporate
DE000A383TD4,government
DE000A383TE2,government
DE000A383V65,corporate
DE000A383VA6,government
DE000A3E46B7,corporate
DE000A3E5L98,corporate
DE000A3E5LU1,government
DE000A3E5MY1,corporate
DE000A3E5S00,corporate
DE000A3E5WT0,corporate
DE000A3H24E1,government
DE000A3H2515,government
DE000A3H2564,government
DE000A3H2580,government
DE000A3H26A4,government
DE000A3H26B2,government
DE000A3H2TW4,corporate
DE000A3H2Y24,government
DE000A3H2ZF6,government
DE000A3H3JM4,corporate
DE000A3KWK17,corporate
DE000A3KWKY4,corporate
DE000A3LBMY2,corporate
DE000A3LE0J4,corporate
DE000A3LH6U5,corporate
DE000A3LJCA6,corporate
DE000A3LSYG8,corporate
DE000A3LSYH6,corporate
DE000A3LT423,corporate
DE000A3LT431,corporate
DE000A3MQEN8,corporate
DE000A3MQQJ0,corporate
DE000A3MQTG0,government
DE000A3R4WW2,corporate
DE000A460A74,corporate
DE000A460A90,corporate
DE000A460AT6,corporate
DE000A460C98,government
DE000A460DL7,corporate
DE000A460EZ5,corporate
DE000A460H51,government
DE000A460HM6,government
DE000A460J75,corporate
DE000A460JR1,corporate
DE000A460JS9,corporate
DE000A460KL2,government
DE000A460N46,corporate
DE000A460Q43,corporate
DE000A460Q50,corporate
DE000A460QR6,corporate
DE000A46Z700,corporate
DE000A46ZW17,corporate
DE000A46ZWZ6,government
DE000A46ZXA7,corporate
DE000A4DE123,corporate
DE000A4DE9K2,government
DE000A4DE9R7,corporate
DE000A4DFCB7,corporate
DE000A4DFCD3,corporate
DE000A4DFCK8,corporate
DE000A4DFDS9,corporate
DE000A4DFK32,corporate
DE000A4DFKS4,corporate
DE000A4DFL98,government
DE000A4DFLK9,corporate
DE000A4DFLP8,corporate
DE000A4DFLQ6,corporate
DE000A4DFMA8,corporate
DE000A4DFMZ5,corporate
DE000A4DFSB3,corporate
DE000A4DFSF4,corporate
DE000A4DFTU1,corporate
DE000A4DFW53,corporate
DE000A4DFWA7,corporate
DE000A4DFWY7,corporate
DE000A4EB2X2,corporate
DE000A4EB2Y0,corporate
DE000A4ET6Q7,corporate
DE000A4R2L42,government
DE000A5H27X9,government
DE000AAR0421,corporate
DE000AAR0454,corporate
DE000AAR0496,corporate
DE000BC0K2H7,corporate
DE000BC0K7X3,corporate
DE000BHY0GM2,corporate
DE000BHY0GT7,corporate
DE000BHY0JY1,corporate
DE000BHY3ND1,corporate
DE000BHY4US2,corporate
DE000BLB33C5,corporate
DE000BLB47J0,corporate
DE000BLB48A7,corporate
DE000BLB4UP9,corporate
DE000BLB6000,corporate
DE000BLB6J02,corporate
DE000BLB6J10,corporate
DE000BLB6JV5,corporate
DE000BLB6XZ7,corporate
DE000BLB73C1,corporate
DE000BLB73D9,corporate
DE000BLB77L3,corporate
DE000BLB77M1,corporate
DE000BLB7WT0,corporate
DE000BLB9PA0,corporate
DE000BLB9W69,corporate
DE000BLB9WN9,corporate
DE000BLB9WQ2,corporate
DE000BLB9X76,corporate
DE000BLB9XB2,corporate
DE000BLB9XC0,corporate
DE000BLB9XG1,corporate
DE000BLB9XK3,corporate
DE000BLB9XS6,corporate
DE000BLB9XT4,corporate
DE000BLB9Y00,corporate
DE000BLB9ZN2,corporate
DE000BU0E337,government
DE000BU0E345,government
DE000BU0E352,government
DE000BU0E360,government
DE000BU0E378,government
DE000BU0E386,government
DE000BU0E410,government
DE000BU0E428,government
DE000BU0E436,government
DE000BU0E444,government
DE000BU22064,government
DE000BU22072,government
DE000BU22080,government
DE000BU22098,government
DE000BU22106,government
DE000BU22114,government
DE000BU22122,government
DE000BU22130,government
DE000BU22148,government
DE000BU25000,government
DE000BU25018,government
DE000BU25026,government
DE000BU25034,government
DE000BU25042,government
DE000BU25059,government
DE000BU25067,government
DE000BU25075,government
DE000BU27006,government
DE000BU27014,government
DE000BU2D004,government
DE000BU2D012,government
DE000BU2F009,government
DE000BU2T000,government
DE000BU2Z007,government
DE000BU2Z015,government
DE000BU2Z023,government
DE000BU2Z031,government
DE000BU2Z049,government
DE000BU2Z056,government
DE000BU2Z064,government
DE000BU2Z072,government
DE000BU35025,government
DE000BU3F007,government
DE000BU3Z005,government
DE000BYL0A09,corporate
DE000BYL0A74,corporate
DE000BYL0AU2,corporate
DE000BYL0BD6,corporate
DE000BYL0BE4,corporate
DE000BYL0BF1,corporate
DE000BYL0BR6,corporate
DE000BYL0BT2,corporate
DE000BYL0CB8,corporate
DE000BYL0E70,corporate
DE000BYL0EA6,corporate
DE000BYL0EP4,corporate
DE000BYL0FQ9,corporate
DE000BYL0GC7,corporate
DE000BYL0GF0,corporate
DE000BYL0GQ7,corporate
DE000BYL0GS3,corporate
DE000BYL0H02,corporate
DE000BYL0H77,corporate
DE000BYL0HN2,corporate
DE000BYL0RA8,corporate
DE000CS8DQ77,corporate
DE000CZ40LW5,corporate
DE000CZ40M39,corporate
DE000CZ43Z72,corporate
DE000CZ43ZF4,corporate
DE000CZ43ZX7,corporate
DE000CZ457V6,corporate
DE000CZ45V82,corporate
DE000CZ45ZK9,corporate
DE000CZ46C35,corporate
DE000CZ46CD1,corporate
DE000DB9U4R9,corporate
DE000DB9U4X7,corporate
DE000DB9U7N1,corporate
DE000DB9U7X0,corporate
DE000DB9U7Z5,corporate
DE000DB9U8W0,corporate
DE000DB9U9D8,corporate
DE000DB9VCB4,corporate
DE000DB9VCK5,corporate
DE000DB9VDD8,corporate
DE000DB9VER6,corporate
DE000DB9VEY2,corporate
DE000DB9VFK8,corporate
DE000DB9VGP5,corporate
DE000DB9VJA1,corporate
DE000DB9VJB9,corporate
DE000DB9VJL8,corporate
DE000DB9VKA9,corporate
DE000DB9VKB7,corporate
DE000DB9VLH2,corporate
DE000DB9VML2,corporate
DE000DB9VMR9,corporate
DE000DB9VMU3,corporate
DE000DB9VNC9,corporate
DE000DB9VNQ9,corporate
DE000DB9VPB6,corporate
DE000DB9VPM3,corporate
DE000DB9VQC2,corporate
DE000DB9VQP4,corporate
DE000DB9VQX8,corporate
DE000DB9VQY6,corporate
DE000DB9VRE6,corporate
DE000DB9VRG1,corporate
DE000DB9VRH9,corporate
DE000DB9VRP2,corporate
DE000DB9VRW8,corporate
DE000DB9VSD6,corporate
DE000DB9VSE4,corporate
DE000DB9VSF1,corporate
DE000DB9VSR6,corporate
DE000DB9VSS4,corporate
DE000DB9VSZ9,corporate
DE000DB9VTJ1,corporate
DE000DB9VTR4,corporate
DE000DB9VTT0,corporate
DE000DB9VTZ7,corporate
DE000DB9VUB6,corporate
DE000DB9VUR2,corporate
DE000DB9VUS0,corporate
DE000DB9VUT8,corporate
DE000DB9VUY8,corporate
DE000DB9VUZ5,corporate
DE000DB9VVC2,corporate
DE000DB9VVD0,corporate
DE000DB9VVP4,corporate
DE000DB9VVQ2,corporate
DE000DB9VWD8,corporate
DE000DB9VWE6,corporate
DE000DB9VWJ5,corporate
DE000DB9VWK3,corporate
DE000DB9VWM9,corporate
DE000DB9VWR8,corporate
DE000DB9VWV0,corporate
DE000DB9VWX6,corporate
DE000DB9VWZ1,corporate
DE000DB9VXA2,corporate
DE000DB9VXC8,corporate
DE000DB9VXE4,corporate
DE000DB9VXP0,corporate
DE000DB9VXR6,corporate
DE000DB9VXZ9,corporate
DE000DB9VYA0,corporate
DE000DB9VYG7,corporate
DE000DB9VYL7,corporate
DE000DB9WBY6,corporate
DE000DB9WCD8,corporate
DE000DB9WCM9,corporate
DE000DB9WDG9,corporate
DE000DB9WDT2,corporate
DE000DB9WDZ9,corporate
DE000DB9WEA0,corporate
DE000DB9WEK9,corporate
DE000DB9WFN0,corporate
DE000DB9WFP5,corporate
DE000DB9WFU5,corporate
DE000DB9WFZ4,corporate
DE000DB9WGL2,corporate
DE000DB9WGR9,corporate
DE000DB9WGS7,corporate
DE000DB9WGT5,corporate
DE000DB9WGZ2,corporate
DE000DB9WHG0,corporate
DE000DB9WHM8,corporate
DE000DB9WHU1,corporate
DE000DB9WJA9,corporate
DE000DB9WKG4,corporate
DE000DB9WKU5,corporate
DE000DB9WKV3,corporate
DE000DB9WLA5,corporate
DE000DB9WLB3,corporate
DE000DB9WLX7,corporate
DE000DB9WMM8,corporate
DE000DB9WNQ7,corporate
DE000DB9WNW5,corporate
DE000DB9WNX3,corporate
DE000DB9WQX6,corporate
DE000DE04Y58,corporate
DE000DJ9AGM8,corporate
DE000DJ9AGP1,corporate
DE000DJ9AJU5,corporate
DE000DJ9AMY1,corporate
DE000DJ9AU39,corporate
DE000DJ9AUF3,corporate
DE000DJ9AVJ3,corporate
DE000DKB0564,corporate
DE000DW6C375,corporate
DE000DW6DAK8,corporate
DE000DW6DAM4,corporate
DE000GQ7BLE5,corporate
DE000HCB0B36,corporate
DE000HCB0B69,corporate
DE000HCB0CC8,corporate
DE000HCB0CL9,corporate
DE000HEL0DK5,corporate
DE000HEL0JA3,corporate
DE000HEL0QE0,corporate
DE000HEL0TC8,corporate
DE000HEL0UL7,corporate
DE000HEL0WC2,corporate
DE000HLB1GH5,corporate
DE000HLB33W0,corporate
DE000HLB3977,corporate
DE000HLB3T59,corporate
DE000HLB57L2,corporate
DE000HLB5840,corporate
DE000HLB71H1,corporate
DE000HV2A003,corporate
DE000HV2A0A3,corporate
DE000HV2A0L0,corporate
DE000HV2A2F8,corporate
DE000KG6NK48,corporate
DE000KH5DA41,corporate
DE000LB11751,corporate
DE000LB125H5,corporate
DE000LB13HZ5,corporate
DE000LB13SY5,corporate
DE000LB2CJT6,corporate
DE000LB387B4,corporate
DE000LB38FM4,corporate
DE000LB39AS0,corporate
DE000LB39EQ6,corporate
DE000LB405B4,corporate
DE000LB429P4,corporate
DE000LB48DH8,corporate
DE000LB48DM8,corporate
DE000LB4W4W5,corporate
DE000LB4W9X2,corporate
DE000LB4YPT3,corporate
DE000LB4Z731,corporate
DE000LB4ZP81,corporate
DE000LB4ZZ14,corporate
DE000LB51CS1,corporate
DE000LB57N84,corporate
DE000LB57NL0,corporate
DE000LB598G5,corporate
DE000LB5AJS5,corporate
DE000LB5C5U9,corporate
DE000LB5EW03,corporate
DE000LB5EW29,corporate
DE000LB5GFR2,corporate
DE000LB5GFS0,corporate
DE000LB5GFV4,corporate
DE000LB5GG68,corporate
DE000LB5JDD1,corporate
DE000LB5JR54,corporate
DE000LB5K7N0,corporate
DE000LB5LJ76,corporate
DE000LB5WWK9,corporate
DE000LB5Y7K0,corporate
DE000LB5Y7M6,corporate
DE000LB60AJ5,corporate
DE000LB62RP2,corporate
DE000LB64FP3,corporate
DE000LB64G27,corporate
DE000LB66474,corporate
DE000LB66482,corporate
DE000LB664A8,corporate
DE000LB664B6,corporate
DE000LB67YJ0,corporate
DE000LB6F6E7,corporate
DE000LB6GLP2,corporate
DE000LB6GM44,corporate
DE000LB6K5U8,corporate
DE000LFA2162,government
DE000MHB18J6,corporate
DE000MHB34J3,corporate
DE000MHB35J0,corporate
DE000MHB38J4,corporate
DE000NLB4RS5,corporate
DE000NLB5545,corporate
DE000NRW0LQ9,government
DE000NRW0LZ0,government
DE000NRW0ML8,government
DE000NRW0MQ7,government
DE000NRW0MY1,government
DE000NRW0N26,government
DE000NRW0NP7,government
DE000NRW0QR6,government
DE000NRW0SG5,government
DE000NRW75G5,government
DE000NWB0AR8,government
DE000NWB17W8,government
DE000NWB18N5,government
DE000NWB18Q8,government
DE000PD993Z2,corporate
DE000RLP1130,government
DE000RLP1288,government
DE000SCB0013,corporate
DE000SCB0070,corporate
DE000SHFM741,government
DE000SKB09A5,corporate
EE0000004109,government
ES00000120N0,government
ES00000121S7,government
ES0000012411,government
ES00000124C5,government
ES00000124H4,government
ES00000127A2,government
ES00000127C8,government
ES00000128C6,government
ES00000128E2,government
ES00000128H5,government
ES00000128P8,government
ES00000128Q6,government
ES0000012932,government
ES0000012A89,government
ES0000012B88,government
ES0000012E51,government
ES0000012E69,government
ES0000012F43,government
ES0000012F76,government
ES0000012G34,government
ES0000012G42,government
ES0000012H41,government
ES0000012H58,government
ES0000012I32,government
ES0000012J15,government
ES0000012K46,government
ES0000012K61,government
ES0000012K95,government
ES0000012L52,government
ES0000012L60,government
ES0000012M51,government
ES0000012M85,government
ES0000012M93,government
ES0000012N35,government
ES0000012N43,government
ES0000012O67,government
ES0000012O75,government
ES0000012P33,government
ES0000012P74,government
ES0000012R56,government
ES0000012S22,government
ES00001010K8,government
EU000A1G0AT6,government
EU000A1G0BJ5,government
EU000A1G0BL1,government
EU000A1G0DY0,government
EU000A1G30R0,government
EU000A1GVVF8,government
EU000A1GY6W8,government
EU000A1HBXS7,government
EU000A1Z99F0,government
EU000A1Z99Q7,government
EU000A1Z99R5,government
EU000A283859,government
EU000A284469,government
EU000A285VM2,government
EU000A2SCAG3,government
EU000A2SCAH1,government
EU000A2SCAJ7,government
EU000A2SCAP4,government
EU000A2SCAU4,government
EU000A3K4D41,government
EU000A3K4D82,government
EU000A3K4DE6,government
EU000A3K4DG1,government
EU000A3K4DP2,government
EU000A3K4DS6,government
EU000A3K4DT4,government
EU000A3K4DV0,government
EU000A3K4DW8,government
EU000A3K4DY4,government
EU000A3K4ED6,government
EU000A3K4EG9,government
EU000A3K4EL9,government
EU000A3K4EN5,government
EU000A3K4ES4,government
EU000A3K4EU0,government
EU000A3K4EY2,government
EU000A3K7MW2,government
EU000A3KM903,government
EU000A3KTGW6,government
EU000A3KWCF4,government
EU000A3L1DJ0,government
EU000A3L4C16,government
EU000A3LNF05,government
EU000A3LS460,government
EU000A3LVAL6,government
EU000A3LZ0X9,government
EU000A4D7YR5,government
EU000A4D8KD2,government
EU000A4EA8Y7,government
EU000A4EBBP0,government
EU000A4ECKZ8,government
EU000A4EG039,government
EU000A4EJF17,government
EU000A4ERVC2,government
EU000A4ES497,government
FI4000037635,government
FI4000046545,government
FI4000148630,government
FI4000527551,government
FI4000546528,government
FI4000550249,government
FI4000571104,government
FI4000571260,corporate
FR0000047722,corporate
FR0000186413,government
FR0000187635,government
FR0000188799,government
FR0000471930,corporate
FR0000571218,government
FR0000572646,corporate
FR0010014845,corporate
FR0010033381,corporate
FR0010070060,government
FR0010171975,government
FR0010371401,government
FR0010447367,government
FR0010763177,corporate
FR0010773192,government
FR0010870956,government
FR0011008705,government
FR0011022474,corporate
FR0011317783,government
FR0011461037,government
FR0011710284,corporate
FR0011883966,government
FR0011982776,government
FR0012304442,corporate
FR0012401636,corporate
FR0012616894,corporate
FR0012993103,government
FR0013154028,government
FR0013154044,government
FR0013192762,corporate
FR0013192903,corporate
FR0013196854,corporate
FR0013196995,corporate
FR0013209871,government
FR0013217015,corporate
FR0013217817,corporate
FR0013218849,corporate
FR0013224714,corporate
FR0013227998,corporate
FR0013230133,corporate
FR0013233087,corporate
FR0013238268,government
FR0013239274,corporate
FR0013241478,corporate
FR0013244399,corporate
FR0013245230,corporate
FR0013245578,corporate
FR0013250560,government
FR0013254083,corporate
FR0013254505,corporate
FR0013257094,corporate
FR0013257185,corporate
FR0013257227,corporate
FR0013268174,corporate
FR0013274669,corporate
FR0013274743,corporate
FR0013279635,corporate
FR0013286192,government
FR0013291465,corporate
FR0013297389,corporate
FR0013308335,corporate
FR0013308392,corporate
FR0013313582,government
FR0013327491,government
FR0013357399,corporate
FR0013357407,corporate
FR0013370962,corporate
FR0013382744,corporate
FR0013396645,corporate
FR0013396652,corporate
FR0013407236,government
FR0013410552,government
FR0013413341,corporate
FR0013423753,corporate
FR0013451507,government
FR0013464922,corporate
FR0013476090,corporate
FR0013513645,corporate
FR0013516549,government
FR0013524014,government
FR0013533254,corporate
FR0014000TV0,corporate
FR0014000Y93,corporate
FR0014001N38,government
FR0014001NN8,government
FR0014002WK3,government
FR0014003N51,government
FR0014003RK1,corporate
FR0014003UV2,corporate
FR0014004J31,government
FR0014007L00,government
FR0014008181,government
FR0014009YE7,corporate
FR001400AIN5,government
FR001400AQH0,government
FR001400B1L7,corporate
FR001400BKZ3,government
FR001400BXZ6,corporate
FR001400COI9,corporate
FR001400CRG6,corporate
FR001400D0F9,corporate
FR001400EBK8,corporate
FR001400F075,corporate
FR001400F1U4,corporate
FR001400FOM4,corporate
FR001400FTH3,government
FR001400FYQ4,government
FR001400H2O3,corporate
FR001400H7V7,government
FR001400HH81,corporate
FR001400HI98,government
FR001400IEQ0,corporate
FR001400IKW5,government
FR001400JI88,government
FR001400KY69,corporate
FR001400L834,government
FR001400LX28,corporate
FR001400MML6,corporate
FR001400MQS2,corporate
FR001400MTN7,corporate
FR001400N3F1,corporate
FR001400NEF3,government
FR001400NFA1,corporate
FR001400NK21,corporate
FR001400OHF4,government
FR001400P3D4,corporate
FR001400P3E2,corporate
FR001400P9A7,corporate
FR001400PA13,corporate
FR001400PM68,government
FR001400Q130,corporate
FR001400QC85,corporate
FR001400QCA1,government
FR001400QMF9,government
FR001400QQ30,corporate
FR001400SSO4,corporate
FR001400T2O9,corporate
FR001400U4M6,corporate
FR001400WJI7,corporate
FR001400WK95,corporate
FR001400WYO4,government
FR001400XJJ3,government
FR001400XLW2,government
FR001400Z2L7,government
FR001400ZGF2,corporate
FR00140106Z3,corporate
FR0014010A08,corporate
FR0014012II5,government
FR0014014IQ4,corporate
FR0014015MU5,government
FR0014016CV2,government
FR0014017Z10,government
FR0014018OI0,government
FR0014018YR0,government
FR01CASA0019,corporate
FR01CASA0050,corporate
FR01CASA0068,corporate
FR1CIBLU0291,corporate
FR1CIBLU0309,corporate
FR1CIBLU0317,corporate
FR1CIBLU0788,corporate
FR1CIBLU1091,corporate
FRCASA010084,corporate
FRCASA010092,corporate
FRCASA010134,corporate
FRCASA010142,corporate
FRCASA010233,corporate
FRCASA010316,corporate
FRCASA010415,corporate
FRCASA010423,corporate
FRCASA010431,corporate
FRCASA010449,corporate
FRCASA010456,corporate
FRCASA010480,corporate
FRCASA010506,corporate
FRCASA010514,corporate
FRCASA010522,corporate
FRCASA010530,corporate
FRCASA010589,corporate
FRCASA010605,corporate
FRCASA010613,corporate
FRCASA010647,corporate
FRCASA010670,corporate
FRCASA010688,corporate
FRCASA010696,corporate
FRCASA010720,corporate
FRCASA010738,corporate
FRCASA010753,corporate
FRCASA010761,corporate
FRCASA010787,corporate
FRCASA010837,corporate
FRCASA010852,corporate
FRCASA010886,corporate
FRCASA010928,corporate
FRCASA010944,corporate
GB0000044221,corporate
GB0000064393,corporate
GB0001111284,corporate
GB0001257988,corporate
GB0001385250,corporate
GB0001385474,corporate
GB0003035382,corporate
GB0004339296,corporate
GB0004893086,government
GB0006227051,corporate
GB0007185639,corporate
GB0008399700,corporate
GB0008401324,corporate
GB0032452392,government
GB00B00NY175,government
GB00B16NNR78,government
GB00B19RX541,corporate
GB00B1VWPJ53,government
GB00B3KJDS62,government
GB00B3KS9W93,corporate
GB00B3KSB238,corporate
GB00B84Z9V04,government
GB00BD0XH204,government
GB00BDRHNP05,government
GB00BL6C7720,government
GB00BLH38158,government
GB00BLPK7227,government
GB00BMF9LF76,government
GB00BMF9LG83,government
GB00BMGR2809,government
GB00BMGR2916,government
GB00BMV7TC88,government
GB00BN65R313,government
GB00BPCJD997,government
GB00BPJJKN53,government
GB00BPSNBB36,government
GB00BQC4R999,government
GB00BQC82C90,government
GB00BSQNRC93,government
GB00BT7J0027,government
GB00BT7J0241,government
GB00BTXS1K06,government
GB00BVP99566,government
GB00BVP99897,government
GR0114033583,government
GR0124036709,government
GR0124039737,government
GR0124040743,government
GR0124041758,government
GR0128014710,government
GR0128017747,government
GR0133006198,government
GR0133007204,government
GR0133010232,government
GR0138010765,government
GR0138012787,government
GR0138014809,government
GR0138017836,government
GR0138018842,government
HU0000403001,government
HU0000403696,government
HU0000405550,government
IE00080U68D3,government
IE000LQ7YWY4,government
IE00BFZRPZ02,government
IE00BFZRQ242,corporate
IE00BH3SQ895,government
IE00BJ38CR43,government
IE00BKFVC899,government
IE00BMQ5JL65,government
IE00BV8C9186,government
IE00BV8C9B83,government
IT0001086567,government
IT0001174611,government
IT0001444378,government
IT0003256820,government
IT0003535157,government
IT0003934657,government
IT0004286966,government
IT0004532559,government
IT0004889033,government
IT0004923998,government
IT0005024234,government
IT0005217390,government
IT0005240350,government
IT0005323032,government
IT0005340929,government
IT0005358806,government
IT0005363111,government
IT0005377152,government
IT0005390874,government
IT0005396863,corporate
IT0005398406,government
IT0005402117,government
IT0005413171,government
IT0005421703,government
IT0005425233,government
IT0005436693,government
IT0005436875,corporate
IT0005438004,government
IT0005441883,government
IT0005456188,corporate
IT0005456303,corporate
IT0005466013,government
IT0005466229,corporate
IT0005480980,government
IT0005484552,government
IT0005490955,corporate
IT0005491250,government
IT0005493652,corporate
IT0005494239,government
IT0005496770,government
IT0005507832,corporate
IT0005507840,corporate
IT0005518128,government
IT0005519787,government
IT0005520470,corporate
IT0005521171,corporate
IT0005521981,government
IT0005530032,government
IT0005534141,government
IT0005538837,corporate
IT0005539504,corporate
IT0005542359,government
IT0005542797,government
IT0005544082,government
IT0005545287,corporate
IT0005568719,government
IT0005580094,government
IT0005581530,corporate
IT0005582421,government
IT0005584856,government
IT0005585341,corporate
IT0005595597,corporate
IT0005596470,government
IT0005605669,corporate
IT0005611055,government
IT0005611741,government
IT0005614612,corporate
IT0005619546,government
IT0005621450,corporate
IT0005631590,government
IT0005631608,government
IT0005636797,corporate
IT0005637399,government
IT0005644312,corporate
IT0005646374,corporate
IT0005647265,government
IT0005648149,government
IT0005649824,corporate
IT0005650335,corporate
IT0005659146,corporate
IT0005668238,government
IT0005668626,corporate
IT0005671273,government
IT0005671539,corporate
IT0005671547,corporate
IT0005685562,government
IT0005706285,government
IT0005710782,corporate
IT0005716888,corporate
IT0005717589,corporate
IT0005717688,corporate
IT0005719494,corporate
IT0005720542,corporate
IT0006736869,corporate
IT0006737214,corporate
LU0905090048,government
LU2162831981,government
LU2228213398,government
LU2591860569,government
LU2591861021,government
LU3315368814,government
NL0000102234,government
NL0000102317,government
NL0000116150,corporate
NL0000116168,corporate
NL0009446418,government
NL0010071189,government
NL0010721999,government
NL0012171458,government
NL0012818504,government
NL0013332430,government
NL0014555419,government
NL00150006U0,government
NL0015000B11,government
NL0015000LS8,corporate
NL0015000RP1,government
NL0015001AM2,government
NL0015001DQ7,government
NL0015001RG8,government
NL0015001XZ6,government
NL0015002F72,government
NL0015002P70,government
NL0015031501,government
NL0015073TQ2,government
NL0015614579,government
NO0010786288,government
NO0010816150,corporate
NO0010821598,government
NO0010844079,government
NO0010869316,corporate
NO0010871643,corporate
NO0010873003,corporate
NO0010875230,government
NO0010875271,corporate
NO0010886740,corporate
NO0010895329,corporate
NO0010895527,corporate
NO0010895592,corporate
NO0010905474,corporate
NO0010905490,corporate
NO0010930522,government
NO0010947963,corporate
NO0010984180,corporate
NO0011008377,corporate
NO0011009086,corporate
NO0011013096,corporate
NO0011029399,corporate
NO0011035313,corporate
NO0011035321,corporate
NO0011087595,corporate
NO0011091282,corporate
NO0011095465,corporate
NO0011096281,corporate
NO0011096299,corporate
NO0011097222,corporate
NO0011100778,corporate
NO0011104077,corporate
NO0011108284,corporate
NO0011108896,corporate
NO0011108904,corporate
NO0011109571,corporate
NO0011110439,corporate
NO0011112880,corporate
NO0011114381,corporate
NO0011121808,corporate
NO0011129561,corporate
NO0011140428,corporate
NO0011147076,corporate
NO0011151151,corporate
NO0011151904,corporate
NO0011155855,corporate
NO0011156614,corporate
NO0011157349,corporate
NO0011160962,corporate
NO0011161580,corporate
NO0011173601,corporate
NO0011179731,corporate
NO0011184731,corporate
NO0011199390,corporate
NO0011202814,corporate
NO0011203457,corporate
NO0011203549,corporate
NO0011207300,corporate
NO0012422908,corporate
NO0012435736,corporate
NO0012440397,government
NO0012444613,corporate
NO0012446485,corporate
NO0012446493,corporate
NO0012478397,corporate
NO0012484387,corporate
NO0012493909,corporate
NO0012493941,corporate
NO0012495268,corporate
NO0012513581,corporate
NO0012523119,corporate
NO0012530965,corporate
NO0012534025,corporate
NO0012540063,corporate
NO0012548850,corporate
NO0012548900,corporate
NO0012548918,corporate
NO0012552324,corporate
NO0012552365,corporate
NO0012552977,corporate
NO0012555541,corporate
NO0012559337,corporate
NO0012622721,corporate
NO0012626060,corporate
NO0012626946,corporate
NO0012627118,corporate
NO0012629379,corporate
NO0012637372,corporate
NO0012662362,corporate
NO0012662404,corporate
NO0012693680,corporate
NO0012696527,corporate
NO0012702614,corporate
NO0012703380,corporate
NO0012703455,corporate
NO0012708900,corporate
NO0012721804,corporate
NO0012724808,corporate
NO0012724824,corporate
NO0012738642,corporate
NO0012747080,corporate
NO0012755828,corporate
NO0012757733,corporate
NO0012767294,corporate
NO0012780032,corporate
NO0012780909,corporate
NO0012780917,corporate
NO0012781923,corporate
NO0012784547,corporate
NO0012810490,corporate
NO0012811860,corporate
NO0012813080,corporate
NO0012816224,corporate
NO0012818006,corporate
NO0012819954,corporate
NO0012820622,corporate
NO0012820648,corporate
NO0012832791,corporate
NO0012837642,government
NO0012838210,corporate
NO0012838962,corporate
NO0012841800,corporate
NO0012843061,corporate
NO0012864489,corporate
NO0012883133,corporate
NO0012888769,corporate
NO0012894577,corporate
NO0012898040,corporate
NO0012898651,corporate
NO0012902123,corporate
NO0012902792,corporate
NO0012903402,corporate
NO0012903451,corporate
NO0012904194,corporate
NO0012917592,corporate
NO0012928185,corporate
NO0012933532,corporate
NO0012935412,corporate
NO0012938325,corporate
NO0012940396,corporate
NO0012942590,corporate
NO0012947433,corporate
NO0012948977,corporate
NO0012982745,corporate
NO0012989971,corporate
NO0012990680,corporate
NO0012991266,corporate
NO0012997446,corporate
NO0013004523,corporate
NO0013004531,corporate
NO0013004572,corporate
NO0013005322,corporate
NO0013008052,corporate
NO0013008771,corporate
NO0013010322,corporate
NO0013012633,corporate
NO0013014019,corporate
NO0013027938,corporate
NO0013030965,corporate
NO0013042465,corporate
NO0013056200,corporate
NO0013058602,corporate
NO0013071571,corporate
NO0013075721,corporate
NO0013081364,corporate
NO0013081943,corporate
NO0013095026,corporate
NO0013095653,corporate
NO0013115782,corporate
NO0013116368,corporate
NO0013116376,corporate
NO0013119206,corporate
NO0013119263,corporate
NO0013119875,corporate
NO0013121160,corporate
NO0013132993,corporate
NO0013133843,corporate
NO0013139931,corporate
NO0013140137,corporate
NO0013140665,corporate
NO0013148338,government
NO0013149658,corporate
NO0013163485,corporate
NO0013172148,corporate
NO0013176628,corporate
NO0013177949,corporate
NO0013178707,corporate
NO0013181420,corporate
NO0013182741,corporate
NO0013182816,corporate
NO0013185801,corporate
NO0013185835,corporate
NO0013185850,corporate
NO0013188086,corporate
NO0013210476,corporate
NO0013220228,corporate
NO0013225706,corporate
NO0013228528,corporate
NO0013234492,corporate
NO0013250647,corporate
NO0013252452,corporate
NO0013256099,corporate
NO0013256834,corporate
NO0013257543,corporate
NO0013261107,corporate
NO0013261743,corporate
NO0013262428,corporate
NO0013310136,corporate
NO0013311373,corporate
NO0013311902,corporate
NO0013311944,corporate
NO0013311977,corporate
NO0013314658,corporate
NO0013314674,corporate
NO0013314708,corporate
NO0013315937,corporate
NO0013319418,corporate
NO0013320747,corporate
NO0013321380,corporate
NO0013321398,corporate
NO0013323485,corporate
NO0013325407,corporate
NO0013326066,corporate
NO0013329276,corporate
NO0013330514,corporate
NO0013330613,corporate
NO0013331231,corporate
NO0013333435,corporate
NO0013334763,corporate
NO0013335497,government
NO0013336206,corporate
NO0013339770,corporate
NO0013339812,corporate
NO0013350462,corporate
NO0013355230,corporate
NO0013358127,corporate
NO0013364398,corporate
NO0013364976,corporate
NO0013374470,corporate
NO0013379487,corporate
NO0013383356,corporate
NO0013383448,corporate
NO0013383992,corporate
NO0013387316,corporate
NO0013387860,corporate
NO0013389528,corporate
NO0013391631,corporate
NO0013392498,corporate
NO0013393348,corporate
NO0013406371,corporate
NO0013407072,corporate
NO0013407106,corporate
NO0013415786,corporate
NO0013418863,corporate
NO0013426718,corporate
NO0013429324,corporate
NO0013431148,corporate
NO0013457291,corporate
NO0013460147,corporate
NO0013461384,corporate
NO0013464792,corporate
NO0013465393,corporate
NO0013465997,corporate
NO0013469957,corporate
NO0013470674,corporate
NO0013471219,corporate
NO0013479964,corporate
NO0013484733,corporate
NO0013489351,corporate
NO0013502385,corporate
NO0013512335,corporate
NO0013512343,corporate
NO0013512384,corporate
NO0013513598,corporate
NO0013528281,corporate
NO0013530501,corporate
NO0013530527,corporate
NO0013531590,corporate
NO0013536169,corporate
NO0013546945,corporate
NO0013546952,corporate
NO0013554857,corporate
NO0013572420,corporate
NO0013572461,corporate
NO0013576355,corporate
NO0013577098,corporate
NO0013577114,corporate
NO0013577627,corporate
NO0013581892,corporate
NO0013582601,corporate
NO0013583179,corporate
NO0013586024,corporate
NO0013586602,corporate
NO0013598078,corporate
NO0013600684,corporate
NO0013601302,corporate
NO0013602540,corporate
NO0013607036,corporate
NO0013618587,corporate
NO0013625368,corporate
NO0013627950,corporate
NO0013629667,corporate
NO0013629675,corporate
NO0013631713,corporate
NO0013633701,corporate
NO0013633776,corporate
NO0013637777,corporate
NO0013639112,corporate
NO0013643767,corporate
NO0013660357,corporate
NO0013669929,corporate
NO0013670562,corporate
NO0013673921,corporate
NO0013673970,corporate
NO0013683466,corporate
NO0013684209,corporate
NO0013684597,corporate
NO0013684993,corporate
NO0013685016,corporate
NO0013685776,corporate
NO0013688275,corporate
NO0013696633,corporate
NO0013697250,corporate
NO0013697268,corporate
NO0013697334,corporate
NO0013697508,corporate
NO0013697896,corporate
NO0013698365,corporate
NO0013698530,corporate
NO0013699843,corporate
NO0013700039,corporate
NO0013708933,corporate
NO0013710632,corporate
NO0013710665,corporate
NO0013710673,corporate
NO0013710749,corporate
NO0013710814,corporate
NO0013710996,corporate
NO0013711648,corporate
NO0013711689,corporate
NO0013712281,corporate
NO0013713123,government
NO0013728295,corporate
NO0013735969,corporate
NO0013736413,corporate
NO0013737064,corporate
NO0013737361,corporate
NO0013737973,government
NO0013738484,corporate
NO0013740753,corporate
NO0013741843,corporate
NO0013741892,corporate
NO0013741900,corporate
NO0013750935,corporate
NO0013750976,corporate
NO0013751701,corporate
NO0013752816,corporate
NO0013752949,corporate
NO0013753673,corporate
NO0013754473,corporate
NO0013754648,corporate
NO0013755462,corporate
NO0013755819,corporate
NO0013756072,corporate
NO0013756312,corporate
NO0013757203,corporate
NO0013757864,corporate
NO0013758433,corporate
NO0013759043,corporate
NZGOVDT429C7,government
NZGOVDT437C0,government
NZGOVDT534C4,government
NZGOVDT554C2,government
NZIBDDT019C1,government
NZWNZD0831L6,corporate
PL0000115291,government
PL0000118188,government
PL0000118519,government
PTCON2OE0007,government
PTFCPCOM0018,corporate
PTFCPYOM0004,corporate
PTFCPZOM0011,corporate
PTGNVAOM0000,corporate
PTGNVGOM0004,corporate
PTGNVKOM0008,corporate
PTJLLDOM0016,corporate
PTMEN2OM0007,corporate
PTMENAOM0029,corporate
PTMENWOM0015,corporate
PTMENYOM0005,corporate
PTMENZOM0004,corporate
PTOTE3OE0025,government
PTOTE5OE0007,government
PTOTEAOE0005,government
PTOTEBOE0020,government
PTOTECOE0037,government
PTOTEEOE0019,government
PTOTEOOE0033,government
PTOTEPOE0032,government
PTOTEROE0014,government
PTOTEVOE0018,government
PTOTEWOE0017,government
PTOTEXOE0024,government
PTOTEYOE0031,government
PTOTEZOE0014,government
PTOTVNOE0009,government
PTSCPAOM0007,corporate
PTSCPJOM0008,corporate
PTSINCOM0001,corporate
PTSLBAOM0028,corporate
PTSLBOOM0006,corporate
PTSLBPOM0005,corporate
PTVAACOM0009,corporate
PTVAIAOM0003,corporate
RO52CQA3C829,government
SE0011281922,government
SE0016785794,corporate
SE0020975449,corporate
SE0023848429,corporate
SE0024172993,corporate
SG7J60932174,government
SK4000022539,government
SK4000022547,government
SK4000026845,government
SK4000028858,government
US00206RMT67,corporate
US007903BN62,corporate
US02079KAL17,corporate
US02079KAU16,corporate
US02209SAR40,corporate
US023135AP19,corporate
US023135BC96,corporate
US023135BM78,corporate
US023135BS49,corporate
US023135BY17,corporate
US037411BA28,corporate
US037833CD08,corporate
US037833CH12,corporate
US037833CJ77,corporate
US037833CR93,corporate
US037833DB33,corporate
US037833DU14,corporate
US040114HX11,corporate
US045167GD94,government
US045167GL11,government
US046353AW81,corporate
US105756AE07,government
US105756AL40,government
US105756BB58,government
US105756BK57,government
US11259P1093,corporate
US117043AV12,corporate
US124857AK99,corporate
US135087U513,government
US172967PG03,corporate
US22541LAE39,corporate
US24422EWZ86,corporate
US24422EXP95,corporate
US24422EYN39,corporate
US24702RAF82,corporate
US260543CG61,corporate
US279158AE95,corporate
US279158AJ82,corporate
US29078EAA38,corporate
US298785DV50,government
US298785JN70,government
US298785KE52,government
US298785KL95,government
US298785KM78,government
US345277AE74,corporate
US345370CA64,corporate
US345370CQ17,corporate
US345370CR99,corporate
US345370CS72,corporate
US36962G3P70,corporate
US38141GA799,corporate
US404280BK42,corporate
US4101204067,corporate
US428236BR31,corporate
US43358BAA17,government
US445545AF36,government
US448579AT90,corporate
US458140CG35,corporate
US4581X0DS49,government
US4581X0ES30,government
US459056RA75,government
US459058JR58,government
US459058KQ56,government
US465410BG26,government
US46647PCY07,corporate
US500255AV61,corporate
US500769HS68,government
US500769JY19,government
US500769KK95,government
US500769KP82,government
US501797AM65,corporate
US515110CF96,government
US532716AN75,corporate
US58013MFJ80,corporate
US58933YBE41,corporate
US594918AJ36,corporate
US594918AM64,corporate
US5949728530,corporate
US5949728613,corporate
US5949728795,corporate
US5949728878,corporate
US609207BC87,corporate
US61744YAK47,corporate
US64110LAN64,corporate
US64110LAX47,corporate
US65339KCH14,corporate
US66989HAR93,corporate
US683234AV04,government
US68389XBF15,corporate
US713448GA00,corporate
US715638AP79,government
US71647NAA72,corporate
US71647NAN93,corporate
US71654QBX97,corporate
US71654QCC42,corporate
US71654QCG55,corporate
US71654QCL41,corporate
US716973AC67,corporate
US731011AV42,government
US731011AY80,government
US731011AZ55,government
US760942BD38,government
US803854KW79,government
US857524AK89,government
US8629452017,corporate
US87264ABW45,corporate
US87927VAF58,corporate
US87927VAM00,corporate
US87927VAR96,corporate
US87927VAV09,corporate
US88163VAD10,corporate
US88167AAE10,corporate
US88167AAF84,corporate
US89236TPS86,corporate
US893830AF64,corporate
US900123AL40,government
US900123AT75,government
US900123AY60,government
US900123BB58,government
US91086QAG38,government
US91086QAS75,government
US91086QAV05,government
US91086QBB32,government
US912797UD79,government
US912810FE39,government
US912810FF04,government
US912810FG86,government
US912810FJ26,government
US912810FM54,government
US912810FP85,government
US912810FT08,government
US912810PU60,government
US912810PX00,government
US912810QB70,government
US912810QD37,government
US912810QE10,government
US912810QL52,government
US912810QN19,government
US912810QZ49,government
US912810RC45,government
US912810RJ97,government
US912810RK60,government
US912810RM27,government
US912810RN00,government
US912810RS96,government
US912810RX81,government
US912810SE91,government
US912810SJ88,government
US912810SK51,government
US912810SL35,government
US912810SN90,government
US912810SP49,government
US912810SQ22,government
US912810SS87,government
US912810TA60,government
US912810TG31,government
US912810TM09,government
US912810TT51,government
US912810TU25,government
US912810TV08,government
US912810TW80,government
US912810UB25,government
US912810UD80,government
US912810UG12,government
US912810UJ50,government
US912810UK24,government
US912810UL07,government
US912810UT33,government
US912810UU06,government
US9128286B18,government
US9128286T26,government
US912828V988,government
US912828YB05,government
US912828YS30,government
US912828YX25,government
US912828Z781,government
US912828Z948,government
US912828ZB95,government
US912828ZQ64,government
US91282CAL54,government
US91282CAV37,government
US91282CAY75,government
US91282CBS98,government
US91282CBZ32,government
US91282CCS89,government
US91282CCV19,government
US91282CDG33,government
US91282CDJ71,government
US91282CDK45,government
US91282CDL28,government
US91282CDY49,government
US91282CEF41,government
US91282CEM91,government
US91282CEN74,government
US91282CEP23,government
US91282CET45,government
US91282CFH97,government
US91282CFZ95,government
US91282CGB19,government
US91282CGC91,government
US91282CGH88,government
US91282CGJ45,government
US91282CGM73,government
US91282CGP05,government
US91282CGQ87,government
US91282CHC82,government
US91282CHE49,government
US91282CHF14,government
US91282CHT18,government
US91282CHX20,government
US91282CHZ77,government
US91282CJJ18,government
US91282CJQ50,government
US91282CJR34,government
US91282CKQ32,government
US91282CKT70,government
US91282CKV27,government
US91282CKX82,government
US91282CLK52,government
US91282CLM19,government
US91282CLR06,government
US91282CLW90,government
US91282CMC28,government
US91282CMD01,government
US91282CMG32,government
US91282CMK44,government
US91282CMM00,government
US91282CMP31,government
US91282CMU26,government
US91282CNC19,government
US91282CNE74,government
US91282CNF40,government
US91282CNT44,government
US91282CPM72,government
US91282CPY11,government
US91282CPZ85,government
US91282CQH78,government
US91282CQL80,government
US91282CQQ77,government
US91282CQS34,government
US91282CRA17,government
US91282CRF04,government
US91324PEJ75,corporate
US922646AS37,government
US922646BL74,government
US92343VHG23,corporate
US925524AX89,corporate
US92826CAN20,corporate
US92857WBD11,corporate
US92857WBT62,corporate
US931142CV30,corporate
US949746SH57,corporate
US984121CB79,corporate
US984121CL51,corporate
USF2893TAL01,corporate
USH3698DAR55,corporate
USH3698DBM59,corporate
USH3698DDH47,corporate
USH3698DDW14,corporate
USH42097AZ05,corporate
USH42097CB19,corporate
USH42097CS44,corporate
USH42097DT18,corporate
USH42097EL72,corporate
USH42097EN39,corporate
USH42097EQ69,corporate
USH42097ER43,corporate
USH42097ES26,corporate
USH42097EW38,corporate
USH42097EZ68,corporate
USH42097FA09,corporate
USH42097FB81,corporate
USH42097FD48,corporate
USH42097FE21,corporate
USH42097FF95,corporate
USH42097FG78,corporate
USH42097FJ18,corporate
USH42097FL63,corporate
USH42097FM47,corporate
USH42097FP77,corporate
USH42097FQ50,corporate
USH42097FT99,corporate
USH42097FV46,corporate
USH4209UAC02,corporate
USK0479SAF58,corporate
USP17625AA59,government
USP17625AC16,government
USP17625AD98,government
USP17625AE71,government
USP3710FBA14,corporate
USP37213AH17,corporate
USP91528AA03,government
USP97475AG56,government
USP97475AN08,government
USP989MJBL47,corporate
USU5521TAE20,corporate
XS0076085603,corporate
XS0078528352,corporate
XS0079398250,corporate
XS0082720698,government
XS0084291201,government
XS0089572316,government
XS0095884424,corporate
XS0096499057,government
XS0113731433,corporate
XS0114126294,government
XS0121617517,corporate
XS0140516864,corporate
XS0148579666,corporate
XS0161100515,corporate
XS0161488498,corporate
XS0162513211,corporate
XS0162869076,corporate
XS0162990229,corporate
XS0202197694,corporate
XS0209139244,government
XS0209792166,corporate
XS0210781828,corporate
XS0211284491,corporate
XS0224480722,government
XS0228265574,corporate
XS0229567440,corporate
XS0231558858,government
XS0291949120,corporate
XS0294367205,corporate
XS0295018070,corporate
XS0295479983,government
XS0300113254,corporate
XS0302236673,government
XS0330497149,corporate
XS0350890470,corporate
XS0357124618,corporate
XS0359924643,corporate
XS0399412443,corporate
XS0437306904,corporate
XS0451790280,corporate
XS0452187320,corporate
XS0459891866,corporate
XS0460021990,corporate
XS0460088718,corporate
XS0461359464,corporate
XS0461569278,corporate
XS0461641309,corporate
XS0501195993,government
XS0505157965,government
XS0505478684,government
XS0553728709,corporate
XS0752034206,government
XS0755873253,government
XS0782697071,corporate
XS0834385923,corporate
XS0875797515,corporate
XS0878008225,government
XS0881740384,corporate
XS0935427970,corporate
XS0975634204,government
XS1045386494,corporate
XS1051723895,corporate
XS1107247725,government
XS1114159277,corporate
XS1128224703,corporate
XS1167667283,corporate
XS1197833137,corporate
XS1206541366,corporate
XS1273452877,corporate
XS1313004928,government
XS1316420089,corporate
XS1362373224,corporate
XS1375955678,corporate
XS1380334224,corporate
XS1382791975,corporate
XS1397134609,corporate
XS1412711217,corporate
XS1417876163,corporate
XS1420357318,government
XS1487983386,government
XS1492580516,corporate
XS1492825481,corporate
XS1500338618,government
XS1501367921,corporate
XS1503043694,government
XS1505567088,government
XS1506398244,corporate
XS1508450688,corporate
XS1508566392,government
XS1550988643,corporate
XS1551294256,government
XS1554373834,corporate
XS1555331617,government
XS1557095616,corporate
XS1586230481,government
XS1588672144,government
XS1599193403,government
XS1605368536,government
XS1610690197,corporate
XS1610698844,corporate
XS1612977717,government
XS1615677280,government
XS1616411119,corporate
XS1623355457,corporate
XS1626600040,corporate
XS1628401421,corporate
XS1629387462,corporate
XS1693818525,corporate
XS1696445516,government
XS1702729275,corporate
XS1706922256,corporate
XS1707075245,corporate
XS1707075328,corporate
XS1709374497,corporate
XS1718418103,corporate
XS1734533372,corporate
XS1734689620,corporate
XS1747444831,corporate
XS1748803282,government
XS1752475720,corporate
XS1761785077,corporate
XS1768067297,government
XS1768074319,government
XS1772374770,corporate
XS1785340172,corporate
XS1790104530,government
XS1791485011,government
XS1796209010,corporate
XS1801143196,government
XS1803247557,corporate
XS1810653540,corporate
XS1823502577,corporate
XS1828033834,corporate
XS1843443190,corporate
XS1861206636,corporate
XS1874127902,corporate
XS1874128033,corporate
XS1883355197,corporate
XS1885608817,corporate
XS1892141620,government
XS1892221570,government
XS1893631769,corporate
XS1901055472,corporate
XS1917358621,corporate
XS1917590959,corporate
XS1934867547,government
XS1936100483,government
XS1936208419,corporate
XS1942622215,government
XS1948611840,corporate
XS1955187858,corporate
XS1955187932,corporate
XS1968706876,government
XS1970549561,government
XS1972547696,corporate
XS1999841445,government
XS2013678086,government
XS2015227494,government
XS2018637327,corporate
XS2021173922,government
XS2022093517,corporate
XS2024715794,corporate
XS2024716099,corporate
XS2027596530,government
XS2031926731,corporate
XS2047479469,corporate
XS2047500926,corporate
XS2049616621,corporate
XS2055728054,corporate
XS2069380991,corporate
XS2076155105,corporate
XS2081018629,corporate
XS2084488209,corporate
XS2084497705,corporate
XS2089226026,corporate
XS2101357072,corporate
XS2102357105,corporate
XS2103014291,corporate
XS2103014457,corporate
XS2104886341,government
XS2107332640,corporate
XS2109812508,government
XS2109813142,government
XS2110105769,corporate
XS2110114324,corporate
XS2122895159,government
XS2148390755,corporate
XS2152061904,corporate
XS2152329053,corporate
XS2154348424,corporate
XS2168048564,government
XS2170362912,corporate
XS2176534795,corporate
XS2177122624,corporate
XS2177122897,corporate
XS2177363665,government
XS2177364390,government
XS2177365017,government
XS2177365363,government
XS2177580250,corporate
XS2177580508,corporate
XS2178769159,corporate
XS2178857954,government
XS2181689659,government
XS2189613982,corporate
XS2194790262,government
XS2195096420,corporate
XS2198879145,corporate
XS2200244072,government
XS2209794408,government
XS2210006339,government
XS2225428809,government
XS2234571771,government
XS2235996217,corporate
XS2237447961,corporate
XS2242728041,corporate
XS2249600771,corporate
XS2250730749,corporate
XS2258400162,government
XS2259191273,government
XS2259191430,government
XS2262211076,government
XS2263684776,corporate
XS2265360359,corporate
XS2270142966,corporate
XS2280845145,corporate
XS2282095970,corporate
XS2286422071,government
XS2286442186,corporate
XS2292954893,corporate
XS2296203123,corporate
XS2298601514,government
XS2299521026,corporate
XS2299521299,corporate
XS2306986782,corporate
XS2306988564,corporate
XS2308197693,government
XS2316244065,corporate
XS2322452637,corporate
XS2324724645,corporate
XS2325733413,corporate
XS2327420977,corporate
XS2330503694,government
XS2330514899,government
XS2331327564,government
XS2332979769,government
XS2334114779,government
XS2343538372,government
XS2343822503,corporate
XS2350632472,corporate
XS2350744434,corporate
XS2350746215,corporate
XS2351092478,corporate
XS2361258317,corporate
XS2364199757,government
XS2364200514,government
XS2374594823,corporate
XS2374595044,corporate
XS2383886947,corporate
XS2385150177,government
XS2385150508,government
XS2385151142,government
XS2389353181,corporate
XS2389353264,corporate
XS2391850703,government
XS2397352662,corporate
XS2400296773,corporate
XS2412044567,corporate
XS2412044641,corporate
XS2419405274,corporate
XS2428618685,corporate
XS2433136194,government
XS2433244246,corporate
XS2434895558,government
XS2434895806,government
XS2438616240,corporate
XS2438631710,government
XS2440511975,corporate
XS2441552192,corporate
XS2444704758,corporate
XS2447564332,corporate
XS2462321212,corporate
XS2462321303,corporate
XS2462321485,corporate
XS2463518998,corporate
XS2468403428,corporate
XS2480515662,corporate
XS2482872251,corporate
XS2482887879,corporate
XS2483047317,corporate
XS2484327999,corporate
XS2491730375,corporate
XS2498154207,government
XS2499011059,corporate
XS2521882071,corporate
XS2526828996,corporate
XS2530444624,corporate
XS2533094400,corporate
XS2534891978,corporate
XS2535352962,government
XS2536502227,corporate
XS2538440780,government
XS2538441598,government
XS2541394750,corporate
XS2541433590,corporate
XS2551486058,corporate
XS2552878857,government
XS2555196463,corporate
XS2555198089,corporate
XS2555198162,corporate
XS2558395278,corporate
XS2558395351,corporate
XS2558594391,government
XS2558972415,corporate
XS2567535377,corporate
XS2574382797,government
XS2574388646,government
XS2574873183,corporate
XS2574873266,corporate
XS2577042893,corporate
XS2577874782,corporate
XS2579293536,corporate
XS2579293619,corporate
XS2582098187,corporate
XS2582194143,government
XS2584128263,government
XS2584685031,corporate
XS2584685387,corporate
XS2586778115,government
XS2586873379,corporate
XS2586944147,government
XS2586944659,government
XS2587748174,government
XS2592088236,corporate
XS2593105393,corporate
XS2595410775,corporate
XS2595412631,corporate
XS2595417945,corporate
XS2595650222,government
XS2605008304,corporate
XS2611177382,government
XS2615064677,corporate
XS2615940215,corporate
XS2624017070,corporate
XS2625968347,corporate
XS2625968693,corporate
XS2625968776,corporate
XS2626024868,government
XS2626288760,government
XS2630111719,corporate
XS2630112014,corporate
XS2630117328,corporate
XS2632826553,corporate
XS2634687912,corporate
XS2636745882,corporate
XS2638712948,corporate
XS2641775452,corporate
XS2643320018,corporate
XS2643320109,corporate
XS2644423035,corporate
XS2647405849,corporate
XS2647979181,government
XS2648489388,corporate
XS2649891244,corporate
XS2665176298,corporate
XS2666415836,corporate
XS2672452237,corporate
XS2673536541,corporate
XS2673547746,corporate
XS2677624657,corporate
XS2680932907,government
XS2689049059,corporate
XS2689093388,government
XS2689948078,government
XS2689949399,government
XS2689949555,government
XS2694872594,corporate
XS2694874533,corporate
XS2695009998,corporate
XS2698713695,corporate
XS2698773830,corporate
XS2698773913,corporate
XS2701724663,corporate
XS2706984502,corporate
XS2707303967,corporate
XS2708221341,corporate
XS2715297672,corporate
XS2715940891,corporate
XS2715941949,corporate
XS2716887844,government
XS2717294487,corporate
XS2717309855,corporate
XS2717310945,corporate
XS2721465271,corporate
XS2722190795,corporate
XS2722717472,corporate
XS2722717555,corporate
XS2725838465,corporate
XS2725942523,corporate
XS2726335099,corporate
XS2726911931,government
XS2741344613,corporate
XS2743711298,corporate
XS2745344601,corporate
XS2745706445,corporate
XS2745725155,corporate
XS2745726047,corporate
XS2746102479,government
XS2746103014,government
XS2747600018,corporate
XS2747600109,corporate
XS2750224201,corporate
XS2752872882,corporate
XS2752873005,corporate
XS2753429047,government
XS2755487076,corporate
XS2756383233,government
XS2770920937,government
XS2772266693,corporate
XS2778370051,corporate
XS2779805097,government
XS2782184902,corporate
XS2782311273,corporate
XS2784415718,corporate
XS2788600869,corporate
XS2790222116,government
XS2791959906,corporate
XS2791960664,corporate
XS2794610969,government
XS2795696108,government
XS2799786848,corporate
XS2800922580,corporate
XS2802891833,corporate
XS2802892054,corporate
XS2804501208,corporate
XS2805621146,corporate
XS2808977446,corporate
XS2811764120,corporate
XS2813211294,corporate
XS2813846354,corporate
XS2815488247,corporate
XS2815984732,corporate
XS2816013937,government
XS2823825711,corporate
XS2823825802,corporate
XS2828685631,corporate
XS2829209720,government
XS2829724173,corporate
XS2829810923,government
XS2832873355,corporate
XS2837886014,corporate
XS2837886105,corporate
XS2837886287,corporate
XS2842061421,corporate
XS2862984510,corporate
XS2862984601,corporate
XS2886118079,corporate
XS2886118236,corporate
XS2887896574,corporate
XS2887901325,corporate
XS2887901598,corporate
XS2887901911,corporate
XS2887903966,government
XS2888624785,corporate
XS2890435600,government
XS2892988192,corporate
XS2892988275,corporate
XS2895055981,government
XS2895631567,corporate
XS2895631641,corporate
XS2900391777,corporate
XS2904554990,corporate
XS2905504671,corporate
XS2905504754,corporate
XS2905582479,corporate
XS2908644615,government
XS2908645265,government
XS2910509566,corporate
XS2910536452,corporate
XS2910609432,government
XS2911681083,corporate
XS2922764191,government
XS2928478747,corporate
XS2934329967,government
XS2935607221,corporate
XS2938562068,corporate
XS2942478822,corporate
XS2942479044,corporate
XS2948768556,corporate
XS2958536976,corporate
XS2965706216,corporate
XS2970728205,corporate
XS2971936948,government
XS2971937672,government
XS2975276143,government
XS2975280509,government
XS2976332283,corporate
XS2978482169,corporate
XS2978594989,corporate
XS2982096914,government
XS2982315819,corporate
XS2982322609,corporate
XS2982325883,corporate
XS2982332319,corporate
XS2982332400,corporate
XS2983840435,corporate
XS2983840518,corporate
XS2985204515,government
XS2985250898,corporate
XS2987630873,corporate
XS2997535146,corporate
XS2998271436,corporate
XS2999533271,government
XS2999552909,government
XS3008639810,government
XS3012976372,corporate
XS3015684361,corporate
XS3017995518,corporate
XS3021378032,government
XS3021378388,government
XS3025205850,corporate
XS3032013511,corporate
XS3032045398,corporate
XS3032045471,corporate
XS3032045554,corporate
XS3036647694,corporate
XS3036647777,corporate
XS3041229439,government
XS3047514446,corporate
XS3063310190,corporate
XS3063879442,government
XS3074499511,corporate
XS3075026156,corporate
XS3075393499,corporate
XS3075490188,corporate
XS3075490261,corporate
XS3075491152,corporate
XS3075492044,government
XS3078501502,corporate
XS3080684551,corporate
XS3084266538,corporate
XS3084418907,corporate
XS3091660194,corporate
XS3092574055,corporate
XS3099995337,corporate
XS3100081507,corporate
XS3106109849,corporate
XS3109460959,government
XS3123715297,government
XS3124345631,government
XS3124393367,government
XS3124532311,government
XS3136863456,corporate
XS3167361651,corporate
XS3171591889,corporate
XS3171593661,corporate
XS3171594636,corporate
XS3171646378,government
XS3173656243,corporate
XS3175869737,corporate
XS3175947046,government
XS3176118548,corporate
XS3176118894,corporate
XS3178086230,corporate
XS3178858224,corporate
XS3178858497,corporate
XS3185372326,corporate
XS3185374884,corporate
XS3198384573,government
XS3198384813,government
XS3200176298,government
XS3204041266,corporate
XS3206383484,corporate
XS3206563549,corporate
XS3218710625,corporate
XS3222746375,corporate
XS3225966699,corporate
XS3225966939,corporate
XS3229496180,corporate
XS3229499101,corporate
XS3233499089,corporate
XS3238211943,corporate
XS3244707272,corporate
XS3255333315,corporate
XS3269554690,government
XS3269555234,government
XS3270897575,corporate
XS3274805376,corporate
XS3274805459,corporate
XS3278058782,corporate
XS3280518856,corporate
XS3280519078,corporate
XS3280519318,corporate
XS3281856446,government
XS3285384403,corporate
XS3292846030,government
XS3296963674,corporate
XS3299472467,corporate
XS3310319689,corporate
XS3311989787,corporate
XS3314905046,corporate
XS3314910632,corporate
XS3320729869,corporate
XS3320740320,corporate
XS3325285214,government
XS3333139288,corporate
XS3344411643,government
XS3344416287,government
XS3349981426,corporate
XS3352849684,corporate
XS3356130073,corporate
XS3356130826,corporate
XS3366248279,corporate
XS3366248519,corporate
XS3366248600,corporate
XS3376351055,corporate
XS3379436325,corporate
XS3379436598,corporate
XS3379782074,corporate
XS3379782157,corporate
XS3379782231,corporate
XS3381692725,government
XS3383867374,government
XS3386748993,corporate
XS3386749025,corporate
XS3388188586,corporate
XS3407408403,corporate
XS3415269490,corporate
XS3430748676,corporate
XS3430748759,corporate
XS3433863621,corporate
XS3433863977,corporate
XS3433864199,corporate
XS3433864355,corporate
XS3435288769,government
XS3435668325,corporate
XS3435670222,corporate
XS3447651111,corporate
XS3447651202,corporate
XS3457420423,government
XS3458961391,corporate
XS3459014349,government
XS3479243183,corporate
XS3480525867,corporate
XS3480769069,government
XS3481545088,government
XS3485481157,corporate
ZAG000030404,government
ZAG000077488,government
ZAG000106998,government
ZAG000107012,government
ZAG000125972,government
ZAG000125980,government
ZAG000195280,government
ZAG000208364,government
