ticker,exchange,isin,name
00,CRYPTO,,00 Token
0G,CRYPTO,,0G
1000SATS,CRYPTO,,1000SATS
10SET,CRYPTO,,Tenset
1CAT,CRYPTO,,Bitcoin Cats
1INCH,CRYPTO,,1inch
1R0R,CRYPTO,,R0AR
1U,CRYPTO,,Ucan fix life in1day
2Z,CRYPTO,,DoubleZero
3KDS,CRYPTO,,Three Kingdoms
3ULL,CRYPTO,,PLAYA3ULL GAMES
401JK,CRYPTO,,401jk
4EVER,CRYPTO,,4EVERLAND
4,CRYPTO,,4
67T,CRYPTO,,The Official 67 Coin
9BIT,CRYPTO,,The9bit
A2Z,CRYPTO,,Arena-Z
A47,CRYPTO,,AGENDA 47
A8,CRYPTO,,Ancient8
AALON,CRYPTO,,American Airlines Group Tokenized Stock (Ondo)
AAOIB,CRYPTO,,Applied Optoelectronics Tokenized bStocks
AAOION,CRYPTO,,Applied Optoelectronics Tokenized Stock (Ondo)
AAPLB,CRYPTO,,Apple Tokenized bStocks
AAPLON,CRYPTO,,Apple Tokenized Stock (Ondo)
AAPLX,CRYPTO,,Apple tokenized stock (xStock)
AARK,CRYPTO,,Aark
AART,CRYPTO,,ALL.ART protocol
AAST,CRYPTO,,AASToken
AAVE,CRYPTO,,Aave
AB2,CRYPTO,,AB
ABBC,CRYPTO,,ABBC Coin
ABBVON,CRYPTO,,AbbVie Tokenized Stock (Ondo)
ABBVX,CRYPTO,,AbbVie tokenized stock (xStock)
ABELI,CRYPTO,,Abelian
ABEY,CRYPTO,,ABEY
ABNBON,CRYPTO,,Airbnb Tokenized Stock (Ondo)
ABTON,CRYPTO,,Abbott Tokenized Stock (Ondo)
ABT,CRYPTO,,Arcblock
ABTX,CRYPTO,,Abbott tokenized stock (xStock)
ACA,CRYPTO,,Acala Token
ACEF,CRYPTO,,Fusionist
ACHRON,CRYPTO,,Archer Aviation Tokenized Stock (Ondo)
ACH,CRYPTO,,Alchemy Pay
ACM,CRYPTO,,AC Milan Fan Token
ACNA,CRYPTO,,AITECH Cloud Network
ACNON,CRYPTO,,Accenture Tokenized Stock (Ondo)
ACNX,CRYPTO,,Accenture tokenized stock (xStock)
ACP,CRYPTO,,Arena Competition Protocol
ACSA,CRYPTO,,Access Protocol
ACTI,CRYPTO,,Act I : The AI Prophecy
ACU,CRYPTO,,Acurast
ACX,CRYPTO,,Across Protocol
ADAPAD,CRYPTO,,ADAPad
ADA,CRYPTO,,Cardano
ADBEON,CRYPTO,,Adobe Tokenized Stock (Ondo)
ADBEX,CRYPTO,,Adobe tokenized stock(xStock)
ADI2,CRYPTO,,ADI
ADION,CRYPTO,,Analog Devices Tokenized Stock (Ondo)
ADP,CRYPTO,,Adappter Token
ADX,CRYPTO,,heyAura
AEHRON,CRYPTO,,Aehr Test Systems Tokenized Stock (Ondo)
AEON4,CRYPTO,,AEON
AERGO,CRYPTO,,Aergo
AEROD,CRYPTO,,Aerodrome Finance
AE,CRYPTO,,Æternity
AEVO,CRYPTO,,Aevo
AFC,CRYPTO,,Arsenal Fan Token
AGENTFUN,CRYPTO,,AgentFun.AI
AGGON,CRYPTO,,iShares Core US Aggregate Bond Tokenized ETF (Ondo)
AGI,CRYPTO,,Delysium
AGLD,CRYPTO,,Adventure Gold
AGONF,CRYPTO,,First Majestic Silver Tokenized Stock (Ondo)
AGRO,CRYPTO,,Agro Global
AGRS,CRYPTO,,Agoras: Tau Net
AGTAL,CRYPTO,,Alaya Governance Token
AHT,CRYPTO,,AhaToken
AIAD,CRYPTO,,DeAgentAI
AIARTIFI,CRYPTO,,Artificial Inu
AIAV,CRYPTO,,AI Avatar
AICOMP,CRYPTO,,AI Companions
AIDOGE,CRYPTO,,ArbDoge AI
AIGEN,CRYPTO,,Gensyn
AINI,CRYPTO,,Infinity Ground
AIN,CRYPTO,,AI Network
AIOT,CRYPTO,,OKZOO
AIO,CRYPTO,,OLAXBT
AIOZ,CRYPTO,,AIOZ Network
AIPOC,CRYPTO,,Aipocalypto
AIRDROP,CRYPTO,,AIRDROP2049
AIRIA,CRYPTO,,AIRian
AISL,CRYPTO,,Sleepless AI
AIVI,CRYPTO,,AIVille Governance Token
AIX9,CRYPTO,,AthenaX9
AIXBT,CRYPTO,,aixbt
AIXO,CRYPTO,,Ai Xovia
AKE,CRYPTO,,AKEDO
AKITA,CRYPTO,,Akita (new)
AKT,CRYPTO,,Akash Network
ALABB,CRYPTO,,Astera Labs Tokenized bStocks
ALABON,CRYPTO,,Astera Labs Tokenized Stock (Ondo)
ALA,CRYPTO,,Alanyaspor Fan Token
ALBON,CRYPTO,,Albemarle Tokenized Stock (Ondo)
ALCH,CRYPTO,,Alchemist AI
ALCX,CRYPTO,,Alchemix
ALD,CRYPTO,,AladdinDAO
ALEO,CRYPTO,,Aleo
ALEPH,CRYPTO,,Aleph Cloud
ALE,CRYPTO,,Ailey
ALEX,CRYPTO,,ALEX Lab
ALGO,CRYPTO,,Algorand
ALICE,CRYPTO,,MyNeighborAlice
ALIGN,CRYPTO,,Aligned
ALI,CRYPTO,,Artificial Liquid Intelligence
ALKIMI,CRYPTO,,Alkimi
ALLO,CRYPTO,,Allora
ALON,CRYPTO,,Alon
ALPA,CRYPTO,,Alpaca City
ALPHA3,CRYPTO,,Alpha
ALPHA,CRYPTO,,Stella
ALPH,CRYPTO,,Alephium
ALPINE,CRYPTO,,Alpine F1 Team Fan Token
ALTL,CRYPTO,,AltLayer
AL,CRYPTO,,ArchLoot
ALU,CRYPTO,,Altura
ALVA,CRYPTO,,Alvara Protocol
AMATB,CRYPTO,,Applied Materials Tokenized bStocks
AMATON,CRYPTO,,Applied Materials Tokenized Stock (Ondo)
AMATX,CRYPTO,,"Applied Materials, Inc. tokenized stock (xStock)"
AMAZINGTEAM,CRYPTO,,AmazingTeamDAO
AMCAI,CRYPTO,,AI Meta Club
AMDBA,CRYPTO,,Advanced Micro Devices Tokenized bStocks
AMDON,CRYPTO,,AMD Tokenized Stock (Ondo)
AMDXA,CRYPTO,,AMD Tokenised Stock (xStock)
AME,CRYPTO,,AME Chain
AMGNON,CRYPTO,,Amgen Tokenized Stock (Ondo)
AMIA,CRYPTO,,Amnis Finance
AMKRON,CRYPTO,,Amkor Technology Tokenized Stock (Ondo)
AMO,CRYPTO,,AMO Coin
AMP2,CRYPTO,,Amp
AM,CRYPTO,,Aston Martin Cognizant Fan Token
AMZNB,CRYPTO,,Amazon Tokenized bStocks
AMZNON,CRYPTO,,Amazon Tokenized Stock (Ondo)
AMZNX,CRYPTO,,Amazon tokenized stock (xStock)
ANDY2,CRYPTO,,ANDY (ETH)
ANETON,CRYPTO,,Arista Networks Tokenized Stock (Ondo)
ANIG,CRYPTO,,Ani Grok Companion
ANIMEC,CRYPTO,,Animecoin
ANKR,CRYPTO,,Ankr
ANOME,CRYPTO,,Anome
ANONH,CRYPTO,,Hey Anon
ANSEMTHEBLACK,CRYPTO,,The Black Bull
ANTA,CRYPTO,,Autonomi
ANTFUN,CRYPTO,,AntFun
ANVL,CRYPTO,,Anvil
ANYONE,CRYPTO,,ANyONe Protocol
AOG,CRYPTO,,AgeOfGods
AOL2,CRYPTO,,AOL (America Online)
AO,CRYPTO,,AO
APEPEA,CRYPTO,,Ape and Pepe
APE,CRYPTO,,ApeCoin
APEX,CRYPTO,,ApeX Protocol
APHON,CRYPTO,,Amphenol Tokenized Stock (Ondo)
API3,CRYPTO,,API3
APLDON,CRYPTO,,Applied Digital Tokenized Stock (Ondo)
APR,CRYPTO,,Capricorn
APTM,CRYPTO,,Apertum
APTO,CRYPTO,,Aptos
APUAP,CRYPTO,,Apu Apustaja
AQA,CRYPTO,,AQA
ARBI,CRYPTO,,Arbitrum
ARCAIR,CRYPTO,,AI Rig Complex
ARCHW,CRYPTO,,Archway
ARC,CRYPTO,,ARC
ARDR,CRYPTO,,Ardor
AREA,CRYPTO,,Areum
ARG,CRYPTO,,Argentine Football Association Fan Token
ARIAA,CRYPTO,,AriaAI
ARKM,CRYPTO,,Arkham
ARK,CRYPTO,,Ark
ARMB,CRYPTO,,Arm Tokenized bStocks
ARMON,CRYPTO,,Arm Holdings plc Tokenized Stock (Ondo)
ARPA,CRYPTO,,ARPA
ARRR,CRYPTO,,Pirate Chain
ARTFI,CRYPTO,,ARTFI
ARTLI,CRYPTO,,LiveArt
ARTX,CRYPTO,,ULTILAND
ARTY,CRYPTO,,Artyfact
AR,CRYPTO,,Arweave
ARW,CRYPTO,,Arowana
ARXARCIUM2,CRYPTO,,Arcium
ARX,CRYPTO,,ARCS
ASE,CRYPTO,,Asentum
ASHS,CRYPTO,,AshSwap
ASK,CRYPTO,,Permission Coin
ASMLB,CRYPTO,,ASML Tokenized bStocks
ASMLON,CRYPTO,,ASML Holding NV Tokenized Stock (Ondo)
ASMLX,CRYPTO,,ASML tokenized stock (xStock)
ASMO,CRYPTO,,AS Monaco Fan Token
ASM,CRYPTO,,Assemble AI
ASPE,CRYPTO,,Aspecta
ASR,CRYPTO,,AS Roma Fan Token
ASSETR,CRYPTO,,REAL
ASS,CRYPTO,,Australian Safe Shepherd
ASTER2,CRYPTO,,Aster
ASTEROID4,CRYPTO,,Asteroid (Asteroid OG)
ASTEROID,CRYPTO,,Asteroid Shiba
ASTRAA,CRYPTO,,AstraAI
ASTROO,CRYPTO,,Astroon
ASTR,CRYPTO,,Astar
ASTSB,CRYPTO,,AST SpaceMobile Tokenized bStocks
ASTSON,CRYPTO,,AST SpaceMobile Tokenized Stock (Ondo)
ASTSXA,CRYPTO,,AST SpaceMobile tokenized stock (xStock)
AST,CRYPTO,,AirSwap
ATAP,CRYPTO,,APRO
ATA,CRYPTO,,Automata Network
ATHAE,CRYPTO,,Aethir
ATLAA,CRYPTO,,Atleta Network
ATLAS,CRYPTO,,Star Atlas
ATM,CRYPTO,,Atletico De Madrid Fan Token
ATOM,CRYPTO,,Cosmos
ATR,CRYPTO,,Artrade
ATSA,CRYPTO,,Alltoscan
ATWO,CRYPTO,,Arena Two
AUCA,CRYPTO,,Advanced Project
AUCTION,CRYPTO,,Bounce Token
AUDD,CRYPTO,,Australian Digital Dollar
AUDIO,CRYPTO,,Audius
AUDM,CRYPTO,,Macropod
AUDX,CRYPTO,,Aussie Dollar Token
AUKI,CRYPTO,,Auki
AURA2,CRYPTO,,Aura
AURA,CRYPTO,,Aura Network
AURORA,CRYPTO,,Aurora
AUSDAG,CRYPTO,,AUSD
AVA2,CRYPTO,,AVA
AVAIL,CRYPTO,,Avail
AVA,CRYPTO,,AVA (Travala)
AVAX,CRYPTO,,Avalanche
AVC,CRYPTO,,AlterVerse
AVGOB,CRYPTO,,Broadcom Tokenized bStocks
AVGOON,CRYPTO,,Broadcom Tokenized Stock (Ondo)
AVGOX,CRYPTO,,Broadcom tokenized stock (xStock)
AVICI,CRYPTO,,Avici
AVLA,CRYPTO,,Avalon Labs (AVL)
AVNT,CRYPTO,,Avantis
AVT,CRYPTO,,Aventus
AVU,CRYPTO,,Vaulta
AVV,CRYPTO,,Aivive
AWE,CRYPTO,,AWE
AXL,CRYPTO,,Axelar
AXMA,CRYPTO,,Axiome
AXPON,CRYPTO,,American Express Tokenized Stock (Ondo)
AXS,CRYPTO,,Axie Infinity
AXTIB,CRYPTO,,AXT Tokenized bStocks
AXTION,CRYPTO,,AXT Tokenized Stock (Ondo)
AZERO,CRYPTO,,Aleph Zero
AZIT,CRYPTO,,Azit
AZNX,CRYPTO,,AstraZeneca tokenized stock (xStock)
AZTEC,CRYPTO,,Aztec
AZUR,CRYPTO,,Azuro Protocol
B2,CRYPTO,,BSquared Network
B3TR,CRYPTO,,VeBetterDAO
B3,CRYPTO,,B3 (Base)
B3X,CRYPTO,,Bnext Token
BABAB,CRYPTO,,Alibaba Tokenized bStocks
BABAON,CRYPTO,,Alibaba Tokenized Stock (Ondo)
BABI,CRYPTO,,Babylons
BABYDOGE,CRYPTO,,Baby Doge Coin
BABYL,CRYPTO,,Babylon
BABYSHARK2,CRYPTO,,BabyShark
BACONB,CRYPTO,,Bank of America Tokenized Stock (Ondo)
BAC,CRYPTO,,Basis Cash
BADGER,CRYPTO,,Badger DAO
BAL,CRYPTO,,Balancer
BANANAFO,CRYPTO,,Banana For Scale
BANANAG,CRYPTO,,Banana Gun
BANC,CRYPTO,,Comedian
BAND,CRYPTO,,Band
BANKLO,CRYPTO,,Lorenzo Protocol
BAON,CRYPTO,,Boeing Tokenized Stock (Ondo)
BARAC,CRYPTO,,Capybara Nation
BARDL,CRYPTO,,Lombard
BARSIK,CRYPTO,,Hasbulla's Cat
BAR,CRYPTO,,FC Barcelona Fan Token
BASBN,CRYPTO,,BNB Attestation Service
BASECAT2,CRYPTO,,Basecat
BASED2,CRYPTO,,BASED
BAT,CRYPTO,,Basic Attention Token
BAX,CRYPTO,,BABB
BAYMAR,CRYPTO,,Marina Protocol
BBAION,CRYPTO,,BigBear.ai Holdings Tokenized Stock (Ondo)
BBBI,CRYPTO,,Bitboard
BBBOU,CRYPTO,,BounceBit
BBSOL,CRYPTO,,Bybit Staked SOL
BBTBA,CRYPTO,,BabyBoomToken
BCCOIN,CRYPTO,,BlackCardCoin
BCE,CRYPTO,,bitcastle Token
BCH,CRYPTO,,Bitcoin Cash
BCOQ,CRYPTO,,BLACK COQINU
BCUT,CRYPTO,,bitsCrunch
BDCA,CRYPTO,,BitDCA
BDCB,CRYPTO,,Billy (Bitcoin)
BDGB,CRYPTO,,Beyond Gaming
BDTB,CRYPTO,,Bandot Protocol
BDXN,CRYPTO,,BONDEX
BDX,CRYPTO,,Beldex
BEAM2,CRYPTO,,Beam
BEAM,CRYPTO,,Beam
BEATA,CRYPTO,,Audiera
BEBB,CRYPTO,,Bloom Energy Tokenized bStocks
BEERC,CRYPTO,,BEERCOIN
BELLSC,CRYPTO,,Bellscoin
BEL,CRYPTO,,Bella Protocol
BENJIB,CRYPTO,,Basenji
BEON,CRYPTO,,Bloom Energy Tokenized Stock (Ondo)
BERA,CRYPTO,,Berachain
BERTR,CRYPTO,,Bertram The Pomeranian
BETH,CRYPTO,,Beacon ETH
BFC,CRYPTO,,Bifrost
BFTB,CRYPTO,,Brazil National Football Team Fan Token
BFUSD,CRYPTO,,BFUSD
BGBTC,CRYPTO,,Bitget Wrapped BTC
BGB,CRYPTO,,Bitget Token
BGSC,CRYPTO,,BugsCoin
BGSOL,CRYPTO,,Bitget SOL Staking
BIANRENSHENG,CRYPTO,,Bi An Ren Sheng
BIBIB,CRYPTO,,Binance bibi
BICO,CRYPTO,,Biconomy
BIDC,CRYPTO,,CreatorBid
BIDUON,CRYPTO,,Baidu Tokenized Stock (Ondo)
BIFI2,CRYPTO,,BiFi
BIFIB,CRYPTO,,Beefy
BIFI,CRYPTO,,Bitcoin File
BIGTIME,CRYPTO,,Big Time
BILION,CRYPTO,,Bilibili Tokenized Stock (Ondo)
BILLIONSN,CRYPTO,,Billions Network
BINK,CRYPTO,,Big Dog Fink
BIOFI,CRYPTO,,Biometric Financial
BIOPR,CRYPTO,,Bio Protocol
BIOT,CRYPTO,,BioPassport Token
BIRBMO,CRYPTO,,Moonbirds
BITCOIN,CRYPTO,,HarryPotterObamaSonic10Inu (ERC-20)
BITTY,CRYPTO,,The Bitcoin Mascot
BKNB,CRYPTO,,Brickken
BKS,CRYPTO,,Backstage
BLACKBEAR,CRYPTO,,The Black Bear
BLAST2,CRYPTO,,Blast
BLD,CRYPTO,,Agoric
BLENDFL,CRYPTO,,Fluent
BLESS,CRYPTO,,Bless
BLKON,CRYPTO,,"Blackrock, Inc. Tokenized Stock (Ondo)"
BLUAI,CRYPTO,,BluWhale
BLUEF,CRYPTO,,Bluefin
BLUM,CRYPTO,,Blum
BLUR,CRYPTO,,Blur
BLZ,CRYPTO,,Bluzelle
BMAX,CRYPTO,,BMAX
BMNRB,CRYPTO,,BitMine Immersion Technologies Tokenized bStocks
BMNRON,CRYPTO,,BitMine Immersion Technologies Tokenized Stock (Ondo)
BMNRXB,CRYPTO,,Bitmine Tokenised Stock (xStock)
BMTB,CRYPTO,,Bubblemaps
BNBCATB,CRYPTO,,Binance Cat
BNBHOLDER,CRYPTO,,Bi An Holder
BNB,CRYPTO,,BNB
BNBXBT,CRYPTO,,BNBXBT
BNC,CRYPTO,,Bifrost
BNKRB,CRYPTO,,BankrCoin
BNSOL,CRYPTO,,Binance Staked SOL
BNT,CRYPTO,,Bancor
BOB2,CRYPTO,,BOB (ETH)
BOBA,CRYPTO,,Boba Network
BOBBUIL,CRYPTO,,BOB (Build on Bitcoin)
BOBBUI,CRYPTO,,Build On BNB
BOBER,CRYPTO,,BOBER
BOBO5,CRYPTO,,Bobo (bobothebear)
BODEN,CRYPTO,,Jeo Boden
BOME,CRYPTO,,BOOK OF MEME
BONE,CRYPTO,,Bone ShibaSwap
BONK,CRYPTO,,Bonk
BOOB3,CRYPTO,,boob
BOOP3,CRYPTO,,Boop
BORA,CRYPTO,,BORA
BOSB,CRYPTO,,BitcoinOS
BOSON,CRYPTO,,Boson Protocol
BOUNTY,CRYPTO,,Chainbounty
BOXDE,CRYPTO,,DeBox
BPBAC,CRYPTO,,Backpack
BPTB,CRYPTO,,Best Patent
BRBE,CRYPTO,,Bedrock
BRETT2,CRYPTO,,Brett (Based)
BREV,CRYPTO,,Brevis
BRIC,CRYPTO,,Redbrick
BRISE,CRYPTO,,Bitgert
BRKL,CRYPTO,,Brokoli Network
BRL1,CRYPTO,,BRL1
BRN,CRYPTO,,BRN Metaverse
BROCCOLIF,CRYPTO,,Broccoli
BROCCOLI,CRYPTO,,CZ'S Dog
BSBBL,CRYPTO,,Block Street
BSOL,CRYPTO,,BlazeStake Staked SOL
BSTB,CRYPTO,,Blocksquare Token
BSV,CRYPTO,,Bitcoin SV
BTCBAM,CRYPTO,,Bitcoin Bam
BTCMT,CRYPTO,,Minto
BTC,CRYPTO,,Bitcoin
BTGO,CRYPTO,,Openverse Network
BTRBIT,CRYPTO,,Bitlayer
BTRB,CRYPTO,,Bitrue Coin
BTRST,CRYPTO,,Braintrust
BTSE,CRYPTO,,BTSE Token
BTS,CRYPTO,,BitShares
BTT,CRYPTO,,BitTorrent-New
BTWBI,CRYPTO,,Bitway
BTXBE,CRYPTO,,BeatSwap
BTY,CRYPTO,,Bityuan
BUBBLE,CRYPTO,,Bubble
BUCKAZOIDS,CRYPTO,,Buckazoids
BULLA2,CRYPTO,,Bulla
BULLB,CRYPTO,,Bull (bulltheleader)
BULLISHD,CRYPTO,,Bullish Degen
BULLTHE,CRYPTO,,The Bull
B,CRYPTO,,BUILDon
BUSY,CRYPTO,,Busy DAO
BUTTCOIN2,CRYPTO,,Buttcoin
BUTTCOIN,CRYPTO,,The Next Bitcoin
BUYI,CRYPTO,,Buying.com
BXC,CRYPTO,,BonusCloud
BXE,CRYPTO,,BANX Network
BXN,CRYPTO,,BlackFort Exchange Network
BXXB,CRYPTO,,Blackstone tokenized stock (xStock)
BXX,CRYPTO,,Baanx
BYN,CRYPTO,,NBX
BYTE2,CRYPTO,,Byte
BZR,CRYPTO,,Bazaars
BZZ,CRYPTO,,Swarm
C98,CRYPTO,,Coin98
CADUC,CRYPTO,,Caduceus Protocol (new)
CAGA,CRYPTO,,Crypto Asset Governance Alliance
CAIWUZIYOU,CRYPTO,,Cai Wu Zi You
CAKE,CRYPTO,,PancakeSwap
CAMPN,CRYPTO,,Camp Network
CAP7,CRYPTO,,Cap
CAPS,CRYPTO,,Ternoa
CAPV,CRYPTO,,CAP INFRA
CARAT,CRYPTO,,Alaska Gold Rush
CARDSC,CRYPTO,,Collector Crypt
CARR,CRYPTO,,Carnomaly
CARV,CRYPTO,,CARV
CASH2,CRYPTO,,Cash
CASHCAT,CRYPTO,,Cash Cat
CATCOIN2,CRYPTO,,CatCoin
CATECOI,CRYPTO,,Catecoin
CATE,CRYPTO,,CateCoin
CATIZ,CRYPTO,,Catizen
CATON,CRYPTO,,Caterpillar Tokenized Stock (Ondo)
CATSI,CRYPTO,,Simon's Cat
CA,CRYPTO,,Coupon Assets
CAWC,CRYPTO,,crow with knife
CAW,CRYPTO,,CAW(A Hunters Dream)
CBBTCC,CRYPTO,,Coinbase Wrapped BTC
CBETH,CRYPTO,,Coinbase Wrapped Staked ETH
CBK,CRYPTO,,Cobak Token
CBRSB,CRYPTO,,Cerebras Tokenized bStocks
CBRSON,CRYPTO,,Cerebras Systems Tokenized Stock (Ondo)
CBXRP,CRYPTO,,Coinbase Wrapped XRP
CCCA,CRYPTO,,Canton
CCD,CRYPTO,,Concordium
CCJON,CRYPTO,,Cameco Tokenized Stock (Ondo)
CDCETH,CRYPTO,,Crypto.com Staked ETH
CDL,CRYPTO,,Creditlink
CEEK,CRYPTO,,CEEK VR
CEGON,CRYPTO,,Constellation Energy Tokenized Stock (Ondo)
CELL,CRYPTO,,Cellframe
CELO,CRYPTO,,Celo
CELR,CRYPTO,,Celer Network
CEL,CRYPTO,,Celsius
CERE,CRYPTO,,Cere Network
CESS,CRYPTO,,CESS Network
CESW,CRYPTO,,Whalebit
CETUS,CRYPTO,,Cetus Protocol
CFG,CRYPTO,,Centrifuge
CFX,CRYPTO,,Conflux
CGN,CRYPTO,,Cygnus
CGO,CRYPTO,,Comtech Gold
CGPTC,CRYPTO,,CRYPGPT
CGPT,CRYPTO,,ChainGPT
CHAIN,CRYPTO,,Chain Games
CHATAI,CRYPTO,,ChatAI Token
CHECK,CRYPTO,,Checkmate
CHEEL,CRYPTO,,Cheelee
CHEEMSC,CRYPTO,,Cheems
CHEQ,CRYPTO,,cheqd
CHEX,CRYPTO,,Chintai
CHILLGUY,CRYPTO,,Just a chill guy
CHIPUS,CRYPTO,,USD.AI
CHIRP2,CRYPTO,,Chirp
CHONKETHA,CRYPTO,,Chonketha the Wet Beaver
CHO,CRYPTO,,Choise.ai
CHR,CRYPTO,,Chromia
CH,CRYPTO,,Chainbase
CHZ,CRYPTO,,Chiliz
CIENON,CRYPTO,,Ciena Tokenized Stock (Ondo)
CITY,CRYPTO,,Manchester City Fan Token
CKBTC,CRYPTO,,Chain-key Bitcoin
CKB,CRYPTO,,Nervos Network
CLANKER,CRYPTO,,tokenbot
CLAWDA,CRYPTO,,clawd.atg.eth
CLIPX,CRYPTO,,ClipX
CLND,CRYPTO,,Colend
CLONEC,CRYPTO,,Confidential Layer
CLORE,CRYPTO,,Clore.ai
CLOUDS,CRYPTO,,Cloud
CLOY,CRYPTO,,Yei Finance
CLSON,CRYPTO,,Celestica Tokenized Stock (Ondo)
CLS,CRYPTO,,Coldstack
CMC20,CRYPTO,,CoinMarketCap 20 Index DTF
CMCSAX,CRYPTO,,Comcast tokenized stock (xStock)
CMETH,CRYPTO,,Mantle Restaked Ether
CMGON,CRYPTO,,Chipotle Tokenized Stock (Ondo)
CNG,CRYPTO,,Changer
COAICH,CRYPTO,,ChainOpera AI
COCA2,CRYPTO,,COCA
COCO2,CRYPTO,,coco
COCORO2,CRYPTO,,COCORO
CODEXF,CRYPTO,,CodexField
COFON,CRYPTO,,Capital One Tokenized Stock (Ondo)
COHRB,CRYPTO,,Coherent Tokenized bStocks
COHRON,CRYPTO,,Coherent Tokenized Stock (Ondo)
COINBASETO,CRYPTO,,Coinbase Tokenized bStocks
COINDEPO,CRYPTO,,COINDEPO
COINON,CRYPTO,,Coinbase Tokenized Stock (Ondo)
COINX,CRYPTO,,Coinbase tokenized stock (xStock)
COLLAT,CRYPTO,,Collaterize
COLLECTO,CRYPTO,,Collect on Fanable
COLS,CRYPTO,,Cointel
COMMON,CRYPTO,,COMMON
COMP,CRYPTO,,Compound
CONC,CRYPTO,,Citigroup Tokenized Stock (Ondo)
COOKIE2,CRYPTO,,Cookie DAO
COOKM,CRYPTO,,mETHProtocol
COOK,CRYPTO,,Cook Finance
COPON,CRYPTO,,ConocoPhillips Tokenized Stock (Ondo)
COPXON,CRYPTO,,Global X Copper Miners Tokenized ETF (Ondo)
COQ,CRYPTO,,Coq Inu
CORED,CRYPTO,,Core
CORE,CRYPTO,,cVault.finance
CORGIAI,CRYPTO,,CorgiAI
CORN3,CRYPTO,,Corn
CORZON,CRYPTO,,Core Scientific Tokenized Stock (Ondo)
COSTON,CRYPTO,,Costco Tokenized Stock (Ondo)
COS,CRYPTO,,Contentos
COTI,CRYPTO,,COTI
COT,CRYPTO,,Cosplay Token
COW,CRYPTO,,CoW Protocol
CPFC,CRYPTO,,Crystal Palace Fan Token
CPH,CRYPTO,,Cypherium
CPNGON,CRYPTO,,Coupang Tokenized Stock (Ondo)
CPOOL,CRYPTO,,Clearpool
CQT,CRYPTO,,Covalent
CRCLB,CRYPTO,,Circle Internet Group Tokenized bStocks
CRCLON,CRYPTO,,Circle Internet Group Tokenized Stock (Ondo)
CRCLX,CRYPTO,,Circle tokenized stock (xStock)
CRDOB,CRYPTO,,Credo Technology Tokenized bStocks
CRDOON,CRYPTO,,Credo Technology Group Holding Tokenized Stock (Ondo)
CREDI,CRYPTO,,Credefi
CREO,CRYPTO,,Creo Engine
CREPE2,CRYPTO,,CREPE
CREPE,CRYPTO,,Crepe Coin
CRF,CRYPTO,,Crafting Finance
CRMON,CRYPTO,,Salesforce Tokenized Stock (Ondo)
CRMX,CRYPTO,,Salesforce tokenized stock (xStock)
CROB,CRYPTO,,Crob Coin
CROID,CRYPTO,,Cronos ID
CROSS,CRYPTO,,CROSS
CRO,CRYPTO,,Cronos
CROWNB,CRYPTO,,Crown by Third Time Games
CROWN,CRYPTO,,CROWN Token
CRTS,CRYPTO,,Cratos
CRU,CRYPTO,,Crust Network
CRV,CRYPTO,,Curve DAO Token
CRVUSD,CRYPTO,,crvUSD
CRWDON,CRYPTO,,CrowdStrike Tokenized Stock (Ondo)
CRWDX,CRYPTO,,CrowdStrike tokenized stock (xStock)
CRWVB,CRYPTO,,CoreWeave Tokenized bStocks
CRWVON,CRYPTO,,CoreWeave Tokenized Stock (Ondo)
CSCOON,CRYPTO,,Cisco Systems Tokenized Stock (Ondo)
CSCOX,CRYPTO,,Cisco tokenized stock (xStock)
CSC,CRYPTO,,CasinoCoin
CSPR,CRYPTO,,Casper
CSWAPC,CRYPTO,,ChainSwap
CTC,CRYPTO,,Creditcoin
CTK,CRYPTO,,Shentu
CTP,CRYPTO,,Ctomorrow Platform
CTRCIT,CRYPTO,,Citrea
CTSI,CRYPTO,,Cartesi
CTX,CRYPTO,,Cryptex Finance
CUBE,CRYPTO,,Somnium Space Cubes
CUDIS,CRYPTO,,CUDIS
CULTM,CRYPTO,,Milady Cult Coin
CUSD,CRYPTO,,Celo Dollar
CVC,CRYPTO,,Civic
CVNAON,CRYPTO,,Carvana Tokenized Stock (Ondo)
CVXON,CRYPTO,,Chevron Tokenized Stock (Ondo)
CVX,CRYPTO,,Convex Finance
CWAR,CRYPTO,,Cryowar
CWEB,CRYPTO,,Coinweb
CWIF,CRYPTO,,catwifhat
CWS,CRYPTO,,Seascape Crowns
CXTCO,CRYPTO,,Covalent X Token
CYBERC,CRYPTO,,Cyber
CYBERLEEK,CRYPTO,,CyberLeek
CYBRO,CRYPTO,,CYBRO
CYSI,CRYPTO,,Cysic
D2T,CRYPTO,,Dash 2 Trade
DADDYT,CRYPTO,,Daddy Tate
DAG,CRYPTO,,Constellation
DAI,CRYPTO,,Dai
DAO,CRYPTO,,DAO Maker
DASH,CRYPTO,,Dash
DATAN,CRYPTO,,Data Network
DA,CRYPTO,,DAR Open Network
DBC,CRYPTO,,DeepBrain Chain
DBRD,CRYPTO,,DeBridge
DCR,CRYPTO,,Decred
DEBIT,CRYPTO,,DEBIT
DEEPB,CRYPTO,,DeepBook Protocol
DEEPSEEKG,CRYPTO,,Global DePIN Chain
DEFI3,CRYPTO,,DeFi
DEGEN4,CRYPTO,,Degen
DEGO,CRYPTO,,Dego Finance
DELABS,CRYPTO,,Delabs Games
DELLB,CRYPTO,,Dell Tokenized bStocks
DELLON,CRYPTO,,Dell Technologies Tokenized Stock (Ondo)
DELLX,CRYPTO,,Dell Technologies Inc. tokenized stock (xStock)
DENT,CRYPTO,,Dent
DEOD,CRYPTO,,Decentrawood
DEP,CRYPTO,,DEAPcoin
DESO,CRYPTO,,Decentralized Social
DESU,CRYPTO,,Dexsport
DEUSXMAQ,CRYPTO,,XMAQUINA
DEXE,CRYPTO,,DeXe
DEXTF,CRYPTO,,Memento
DEXT,CRYPTO,,DEXTools
DFDVX,CRYPTO,,DFDV tokenized stock (xStock)
DGAI,CRYPTO,,DGrid AI
DGB,CRYPTO,,DigiByte
DGMA,CRYPTO,,DaGama World
DHRX,CRYPTO,,Danaher tokenized stock (xStock)
DHV,CRYPTO,,DeHive
DIAM,CRYPTO,,DIAM
DIA,CRYPTO,,DIA
DIEM,CRYPTO,,Diem
DIMEP,CRYPTO,,Paradex
DIMO,CRYPTO,,DIMO
DIN2,CRYPTO,,DIN
DINGO,CRYPTO,,Dingocoin
DIONE,CRYPTO,,Dione Protocol
DIO,CRYPTO,,Decimated
DIPS,CRYPTO,,Buy the DIP
DISON,CRYPTO,,Disney Tokenized Stock (Ondo)
DJED,CRYPTO,,Djed
DJI6930,CRYPTO,,DOWGE
DKA,CRYPTO,,dKargo
DLB,CRYPTO,,DiemLibre
DL,CRYPTO,,Dill
DMCDE,CRYPTO,,DeLorean
DMTR,CRYPTO,,Dimitra
DNA3,CRYPTO,,DNA
DNT,CRYPTO,,district0x
DN,CRYPTO,,DeepNode
DNX2,CRYPTO,,Dynex
DODO,CRYPTO,,DODO
DOGEDE,CRYPTO,,Department Of Government Efficiency
DOGE,CRYPTO,,Dogecoin
DOGG,CRYPTO,,Dog (Bitcoin)
DOGINME,CRYPTO,,doginme
DOGS2,CRYPTO,,DOGS
DOGT,CRYPTO,,Own The Doge
DOLO,CRYPTO,,Dolomite
DOME,CRYPTO,,HumainWeb3
DONTDI,CRYPTO,,DisclaimerCoin
DOOD,CRYPTO,,Doodles
DORAF,CRYPTO,,Dora Factory
DOSDA,CRYPTO,,DAPPOS
DOT,CRYPTO,,Polkadot
DOVUO,CRYPTO,,DOVU
DOYR,CRYPTO,,DOYR
DPR,CRYPTO,,Deeper Network
DRAMB,CRYPTO,,Roundhill Memory ETF Tokenized bStocks
DRAMON,CRYPTO,,Roundhill Memory ETF Tokenized ETF (Ondo)
DRBD,CRYPTO,,DebtReliefBot
DREAMSD,CRYPTO,,Daydreams
DRESSI,CRYPTO,,DRESSdio
DRGD,CRYPTO,,DragonSwap
DRIFT,CRYPTO,,Drift
DRVD,CRYPTO,,Derive
DSYNC,CRYPTO,,Destra Network
DTEC,CRYPTO,,Dtec
DUAL2,CRYPTO,,Dual
DUCKCH,CRYPTO,,DuckChain
DUKO,CRYPTO,,DUKO
DUREV,CRYPTO,,Povel Durev
DUSK,CRYPTO,,Dusk
DUST2,CRYPTO,,Dust
DXCT,CRYPTO,,DNAxCAT Token
DXGM,CRYPTO,,DexGame
DYDXN,CRYPTO,,dYdX
DYDX,CRYPTO,,dYdX (ethDYDX)
DYM,CRYPTO,,Dymension
DYORD,CRYPTO,,Do Your Own Research
EAT3,CRYPTO,,375ai
ECHOP,CRYPTO,,Echo Protocol
EDEL2,CRYPTO,,Edel
EDENO,CRYPTO,,OpenEden
EDGED,CRYPTO,,Definitive
EDGEX,CRYPTO,,edgeX
EDUO,CRYPTO,,Open Campus
EEMON,CRYPTO,,iShares MSCI Emerging Markets Tokenized ETF (Ondo)
EFAON,CRYPTO,,iShares MSCI EAFE Tokenized ETF (Ondo)
EFC,CRYPTO,,Everton Fan Token
EFFECT,CRYPTO,,Effect AI [New]
EGAME,CRYPTO,,EVERY GAME
EGG,CRYPTO,,Nestree
EGL1,CRYPTO,,EGL1
EGLD,CRYPTO,,MultiversX
EGO,CRYPTO,,EGO
EIGEN,CRYPTO,,EigenCloud
ELA,CRYPTO,,Elastos
ELF,CRYPTO,,aelf
ELIZAOS,CRYPTO,,elizaOS
ELONE,CRYPTO,,Echelon (EchelonMarket)
ELONOF,CRYPTO,,Official Elon Coin
ELPEL,CRYPTO,,Elympics
ELSAH,CRYPTO,,HeyElsa
EL,CRYPTO,,ELYSIA
ELXE,CRYPTO,,Elixir
EMBLEM,CRYPTO,,Emblem Vault
EMCED,CRYPTO,,Edge Matrix Chain
EMTEM,CRYPTO,,EMAIL Token
EMYC,CRYPTO,,E Money
ENA,CRYPTO,,Ethena
ENF,CRYPTO,,enfineo
ENJ,CRYPTO,,Enjin Coin
ENPHON,CRYPTO,,Enphase Energy Tokenized Stock (Ondo)
ENSO,CRYPTO,,Enso
ENS,CRYPTO,,Ethereum Name Service
EPICC,CRYPTO,,Epic Chain
EPIKT,CRYPTO,,TEH EPIK DUCK
EPT,CRYPTO,,Balance
EQIXON,CRYPTO,,Equinix Tokenized Stock (Ondo)
EQTY,CRYPTO,,EQTY
EQ,CRYPTO,,Equilibrium Games
ERAC,CRYPTO,,Caldera
ERG,CRYPTO,,Ergo
ESEC,CRYPTO,,Eclipse
ESE,CRYPTO,,Eesee
ESIMD,CRYPTO,,Depinsim
ESPORTS,CRYPTO,,Yooldo
ESPRES,CRYPTO,,Espresso
ESX,CRYPTO,,EstateX
ETC,CRYPTO,,Ethereum Classic
ETHFI,CRYPTO,,ether.fi
ETH,CRYPTO,,Ethereum
ETHW,CRYPTO,,EthereumPoW
ETNON,CRYPTO,,Eaton Tokenized Stock (Ondo)
ETN,CRYPTO,,Electroneum
EUL,CRYPTO,,Euler
EURC,CRYPTO,,EURC
EURCV,CRYPTO,,EUR CoinVertible
EURI,CRYPTO,,Eurite
EUROP,CRYPTO,,EUROP
EURQ,CRYPTO,,Quantoz EURQ
EURR,CRYPTO,,StablR Euro
EVAAP,CRYPTO,,EVAA Protocol
EVAE,CRYPTO,,EverValue Coin
EVDC,CRYPTO,,EVDC Network
EVER,CRYPTO,,Everscale
EVERYT,CRYPTO,,Everything
EVO,CRYPTO,,Devomon
EVREV,CRYPTO,,Evernode
EWJON,CRYPTO,,iShares MSCI Japan Tokenized ETF (Ondo)
EWT,CRYPTO,,Energy Web Token
EWYB,CRYPTO,,iShares MSCI South Korea ETF Tokenized bStocks
EWYON,CRYPTO,,iShares MSCI South Korea Tokenized ETF (Ondo)
EWYX,CRYPTO,,iShares MSCI South Korea tokenized ETF (xStock)
EXPERT,CRYPTO,,EXPERT_MONEY
EYWA,CRYPTO,,EYWA
FACT,CRYPTO,,FACTOR
FAIFR,CRYPTO,,Freysa
FAKT,CRYPTO,,Medifakt
FANC,CRYPTO,,FANC
FARC,CRYPTO,,FAR Labs
FARM,CRYPTO,,Harvest Finance
FARTBOY,CRYPTO,,Fartboy
FARTCOIN,CRYPTO,,Fartcoin
FBFR,CRYPTO,,Fractal Bitcoin
FCELON,CRYPTO,,FuelCell Energy Tokenized Stock (Ondo)
FCT2,CRYPTO,,FirmaChain
FCXON,CRYPTO,,Freeport-McMoRan Tokenized Stock (Ondo)
FDMF,CRYPTO,,Freedom
FDUSD,CRYPTO,,First Digital USD
FEARNOT,CRYPTO,,FEAR NOT
FEGF,CRYPTO,,Feed Every Gorilla
FER,CRYPTO,,Ferro
FET,CRYPTO,,Artificial Superintelligence Alliance
FF,CRYPTO,,Falcon Finance
FHE,CRYPTO,,Mind Network
FIDA,CRYPTO,,Bonfida
FIDD,CRYPTO,,Fidelity Digital Dollar
FIGHT3,CRYPTO,,FIGHT
FIGON,CRYPTO,,Figma Ord Shs Tokenized Stock (Ondo)
FIL,CRYPTO,,Filecoin
FIO,CRYPTO,,FIO Protocol
FIRE,CRYPTO,,Fire Protocol
FIRO,CRYPTO,,Firo
FIR,CRYPTO,,Fireverse
FISHW,CRYPTO,,Fishwar
FIS,CRYPTO,,StaFi
FIWA,CRYPTO,,DeFi Warrior (FIWA)
FLIP,CRYPTO,,Chainflip
FLNCB,CRYPTO,,Fluence Energy Tokenized bStocks
FLOCK,CRYPTO,,Flock.io
FLOKI,CRYPTO,,FLOKI
FLOW,CRYPTO,,Flow
FLQLON,CRYPTO,,Franklin US Large Cap Multifactor Index Tokenized ETF (Ondo)
FLR,CRYPTO,,FLARE
FLT,CRYPTO,,Fluence
FLUID3,CRYPTO,,Fluid
FLUX2,CRYPTO,,Flux
FLYT,CRYPTO,,Fly.trade
FMM,CRYPTO,,Moonlander
FNON,CRYPTO,,Fabrinet Tokenized Stock (Ondo)
FOGO,CRYPTO,,Fogo
FOG,CRYPTO,,FOGNET
FOLDT,CRYPTO,,The Interfold
FOLKS,CRYPTO,,Folks Finance
FONF,CRYPTO,,Ford Motor Tokenized Stock (Ondo)
FORESTP,CRYPTO,,Forest Protocol
FOREX,CRYPTO,,handleFOREX
FORMF,CRYPTO,,Four
FORTH,CRYPTO,,Ampleforth Governance Token
FORT,CRYPTO,,Forta
FORU,CRYPTO,,ForU AI
FOUR,CRYPTO,,FourCoin
FOXSY,CRYPTO,,Foxsy AI
FOX,CRYPTO,,Shapeshift FOX Token
FOXYL,CRYPTO,,Foxy
FPSW,CRYPTO,,Web3War
FRAXP,CRYPTO,,Frax (prev. FXS)
FREE,CRYPTO,,FREEdom Coin
FROGE2,CRYPTO,,Froge (ETH)
FROGGIE,CRYPTO,,Froggie
FRTS,CRYPTO,,Fruits
FTFL,CRYPTO,,Flying Tulip
FTM,CRYPTO,,Fantom (Migrated to Sonic)
FTRB,CRYPTO,,Faith Tribe
FTT,CRYPTO,,FTX Token
FUELN,CRYPTO,,Fuel Network
FUL,CRYPTO,,Fulcrom Finance
FUNS,CRYPTO,,Sport.Fun
FUN,CRYPTO,,FUNToken
F,CRYPTO,,SynFutures
FUSDFR,CRYPTO,,Freedom Dollar
FUSE,CRYPTO,,Fuse
FUTUON,CRYPTO,,Futu Holdings Tokenized Stock (Ondo)
FWOG2,CRYPTO,,FWOG (SOL)
FYN,CRYPTO,,Affyn
G3,CRYPTO,,GAM3S.GG
GAFI,CRYPTO,,GameFi.org
GAIA2,CRYPTO,,GAIA
GAIB,CRYPTO,,GAIB
GAING,CRYPTO,,Griffin AI
GALAT,CRYPTO,,Galatasaray Fan Token
GALA,CRYPTO,,Gala
GALO,CRYPTO,,Clube Atletico Mineiro Fan Token
GAMEB,CRYPTO,,GameBuild
GAMEBY,CRYPTO,,GAME by Virtuals
GAMES2,CRYPTO,,OrdzGames
GASS,CRYPTO,,Gasspas
GAS,CRYPTO,,Gas
GATA,CRYPTO,,Gata
GATH,CRYPTO,,Gather
GBCK,CRYPTO,,GoldBrick
GCOIN,CRYPTO,,Galaxy Fight Club
GEKKO,CRYPTO,,Gekko HQ
GEMS3,CRYPTO,,Gems
GENIUS,CRYPTO,,Genius Terminal
GEODN,CRYPTO,,GEODNET
GEONG,CRYPTO,,General Electric Tokenized Stock (Ondo)
GEVON,CRYPTO,,GE Vernova Tokenized Stock (Ondo)
GEVX,CRYPTO,,GE Vernova Inc. tokenized stock (xStock)
GFGO,CRYPTO,,GoldFinger
GFI,CRYPTO,,Goldfinch
GGBR,CRYPTO,,Goldfish Gold
GGRA,CRYPTO,,Gravity
GHO,CRYPTO,,GHO
GHST,CRYPTO,,Aavegotchi
GHUB,CRYPTO,,GemHUB
GHX,CRYPTO,,GamerCoin
GIGACH,CRYPTO,,Gigachad
GIGGLEF,CRYPTO,,Giggle Fund
GLDON,CRYPTO,,SPDR Gold Shares Tokenized Stock (Ondo)
GLDXG,CRYPTO,,Gold tokenized ETF (xStock)
GLMR,CRYPTO,,Moonbeam
GLM,CRYPTO,,Golem
GLQ,CRYPTO,,Graphlinq Chain
GLWB,CRYPTO,,Corning Tokenized bStocks
GLWON,CRYPTO,,Corning Tokenized Stock (Ondo)
GLWX,CRYPTO,,Corning tokenized stock (xStock)
GMEBG,CRYPTO,,GameStop Tokenized bStocks
GMEE,CRYPTO,,GAMEE
GMEGAMESTOP3,CRYPTO,,GameStop
GMEGA,CRYPTO,,GameStop
GMEG,CRYPTO,,GmeStop
GMEON,CRYPTO,,GameStop Tokenized Stock (Ondo)
GMEXG,CRYPTO,,Gamestop tokenized stock (xStock)
GMMT,CRYPTO,,Giant Mammoth
GMM,CRYPTO,,Gamium
GMRT,CRYPTO,,The Game Company
GMRX,CRYPTO,,Gaimin
GMT,CRYPTO,,GMT
GM,CRYPTO,,GM Wagmi
GMX,CRYPTO,,GMX
GNCGR,CRYPTO,,Greenchie
GNO,CRYPTO,,Gnosis
GNS,CRYPTO,,Gains Network
GOATED,CRYPTO,,GOAT Network
GOATS2,CRYPTO,,GOATS
GOATSE,CRYPTO,,Goatseus Maximus
GOCHU,CRYPTO,,GochujangCoin
GODE,CRYPTO,,Gode Chain
GODS,CRYPTO,,Gods Unchained
GOG,CRYPTO,,Guild of Guardians
GOHOME,CRYPTO,,GOHOME
GOMINING,CRYPTO,,Gomining
GOOGLB,CRYPTO,,Alphabet Tokenized bStocks
GOOGLON,CRYPTO,,Alphabet Class A Tokenized Stock (Ondo)
GOOGLX,CRYPTO,,Alphabet tokenized stock (xStock)
GORB,CRYPTO,,Gorbagana
GORILLA3,CRYPTO,,Gorilla
GORK,CRYPTO,,New XAI gork
GPS,CRYPTO,,GoPlus Security
GPU,CRYPTO,,Node AI
GRAM,CRYPTO,,Gram (prev. Toncoin)
GRASS2,CRYPTO,,GRASS
GRIFFAIN,CRYPTO,,GRIFFAIN
GRIN,CRYPTO,,Grin
GRM,CRYPTO,,Grm
GRND,CRYPTO,,SuperWalk
GROK,CRYPTO,,GROK
GROVE,CRYPTO,,Grove
GRT,CRYPTO,,The Graph
GRVT,CRYPTO,,Grvt
GSB,CRYPTO,,Goldman Sachs Tokenized bStocks
GSON,CRYPTO,,Goldman Sachs Tokenized Stock (Ondo)
GSTG,CRYPTO,,Green Satoshi Token (SOL)
GTAI,CRYPTO,,GT Protocol
GTBTC,CRYPTO,,GTBTC
GTCG,CRYPTO,,Gitcoin
GT,CRYPTO,,GateToken
GUAS,CRYPTO,,SUPERFORTUNE
GUN,CRYPTO,,Gunz
GUSD2,CRYPTO,,GUSD
GWEI,CRYPTO,,ETHGas
GXE,CRYPTO,,Xeno Governance
GZONE,CRYPTO,,GameZone
HACHIKOI,CRYPTO,,Hachiko Inu
HAEDAL,CRYPTO,,Haedal Protocol
HAHA,CRYPTO,,Hasaki
HAI,CRYPTO,,Hacken Token
HAJIMI,CRYPTO,,Ha Ji Mi
HANAN,CRYPTO,,Hana Network
HANDY,CRYPTO,,Handy
HAPPYCA,CRYPTO,,Happy Cat
HAROLD3,CRYPTO,,Harold
HASHAI,CRYPTO,,HashAI
HBAR,CRYPTO,,Hedera
HBD,CRYPTO,,Hive Dollar
HBULL,CRYPTO,,Hyper Bull
HDN,CRYPTO,,Hydranet
HDXHO,CRYPTO,,Home Depot tokenized stock (xStock)
HDXH,CRYPTO,,Hydration
HEART,CRYPTO,,Humans.ai
HEHE3,CRYPTO,,hehe
HEI,CRYPTO,,Heima
HELLO,CRYPTO,,HELLO Labs
HEMI,CRYPTO,,Hemi
HERO,CRYPTO,,Metahero
HEU,CRYPTO,,Heurist AI
HFT,CRYPTO,,Hashflow
HGET,CRYPTO,,Hedget
HGPT,CRYPTO,,HyperGPT
HIBS,CRYPTO,,Hiblocks
HIGH,CRYPTO,,Highstreet
HIMSON,CRYPTO,,Hims & Hers Health Tokenized Stock (Ondo)
HIMSX,CRYPTO,,Hims & Hers tokenized stock (xStock)
HINTH,CRYPTO,,Hive Intelligence
HIPPOS,CRYPTO,,sudeng
HIVE,CRYPTO,,Hive
HMND,CRYPTO,,Humanode
HMSTR,CRYPTO,,Hamster Kombat
HNB,CRYPTO,,HNB Protocol
HNS,CRYPTO,,Handshake
HNT,CRYPTO,,Helium
HOBBESA,CRYPTO,,Ansem's Cat
HODL7,CRYPTO,,HODL (hodl2013)
HOD,CRYPTO,,HoDooi.com
HOLDC,CRYPTO,,HoldCoin
HOLDS,CRYPTO,,Holdstation
HOLOW,CRYPTO,,Holoworld AI
HOMED,CRYPTO,,Defi App
HONEY,CRYPTO,,Hivemapper
HONX,CRYPTO,,Honeywell tokenized stock (xStock)
HOODB,CRYPTO,,Robinhood Tokenized bStocks
HOODON,CRYPTO,,Robinhood Markets Tokenized Stock (Ondo)
HOODR,CRYPTO,,Robinhood
HOODX,CRYPTO,,Robinhood tokenized stock (xStock)
HOOK,CRYPTO,,Hooked Protocol
HOPPY2,CRYPTO,,Hoppy
HOPR,CRYPTO,,HOPR
HORD,CRYPTO,,Hord
HOT,CRYPTO,,Holo
HOUSEC,CRYPTO,,Housecoin
HPH,CRYPTO,,Hippo Protocol
HPP,CRYPTO,,House Party Protocol
HSK,CRYPTO,,HashKey Platform Token
HTM,CRYPTO,,Hatom
HTR,CRYPTO,,Hathor
HT,CRYPTO,,Huobi Token
HTX,CRYPTO,,HTX
HUMA,CRYPTO,,Huma Finance
HUNT,CRYPTO,,Hunt Town
H,CRYPTO,,Humanity
HVLO,CRYPTO,,Hivello
HYDRA,CRYPTO,,Hydra
HYPEH,CRYPTO,,Hyperliquid
HYPERL,CRYPTO,,Hyperlane
IAG,CRYPTO,,IAGON
IAUON,CRYPTO,,iShares Gold Trust Tokenized ETF (Ondo)
IBMB,CRYPTO,,IBM Tokenized bStocks
IBMON,CRYPTO,,IBM Tokenized Stock (Ondo)
IBMX,CRYPTO,,International Business Machines tokenized stock (xStock)
ICEDE,CRYPTO,,Ice Open Network
ICNT,CRYPTO,,Impossible Cloud Network
ICP,CRYPTO,,Internet Computer
ICX,CRYPTO,,ICON
IDEX,CRYPTO,,IDEX
IDOLM,CRYPTO,,MEET48
IDOS2,CRYPTO,,idOS
ID,CRYPTO,,SPACE ID
IEFAON,CRYPTO,,iShares Core MSCI EAFE Tokenized ETF (Ondo)
IEMGON,CRYPTO,,iShares Core MSCI Emerging Markets Tokenized ETF (Ondo)
IFW,CRYPTO,,What IF
IJHON,CRYPTO,,iShares Core S&P MidCap Tokenized ETF (Ondo)
IKA,CRYPTO,,Ika
ILV,CRYPTO,,Illuvium
ILYI,CRYPTO,,ILITY
IMO,CRYPTO,,IMO
IMPT,CRYPTO,,IMPT
IMTI,CRYPTO,,Immortal Token
IMU,CRYPTO,,Immunefi
IMX,CRYPTO,,Immutable
INCW,CRYPTO,,WorldAssets
INDAON,CRYPTO,,iShares MSCI India Tokenized ETF (Ondo)
INDEXT,CRYPTO,,The Index
INDEX,CRYPTO,,Index Cooperative
INFINI,CRYPTO,,INFINIT
INFRA,CRYPTO,,Bware
INFS,CRYPTO,,SANCTUM INFINITY
INGI,CRYPTO,,Infinity Games
INIT,CRYPTO,,Initia
INJ,CRYPTO,,Injective
INTCB,CRYPTO,,Intel Tokenized bStocks
INTCON,CRYPTO,,Intel Tokenized Stock (Ondo)
INTCX,CRYPTO,,Intel tokenized stock (xStock)
INTER,CRYPTO,,Inter Milan Fan Token
INTUON,CRYPTO,,Intuit Tokenized Stock (Ondo)
INTWB,CRYPTO,,GraniteShares 2X Long INTC ETF Tokenized bStocks
INVITE,CRYPTO,,INVITE Token
INV,CRYPTO,,Inverse Finance
INXI,CRYPTO,,Infinex
IONE,CRYPTO,,io.net
IONQON,CRYPTO,,IonQ Tokenized Stock (Ondo)
IOST,CRYPTO,,IOST
IOTA,CRYPTO,,IOTA
IOTX,CRYPTO,,IoTeX
IQ,CRYPTO,,IQ
IRENB,CRYPTO,,IREN Limited Tokenized bStocks
IRENON,CRYPTO,,IREN Tokenized Stock (Ondo)
IRENXI,CRYPTO,,IREN tokenized stock (xStock)
IRIS,CRYPTO,,IRISnet
IRON,CRYPTO,,Iron Fish
IR,CRYPTO,,Infrared
IRYS,CRYPTO,,Irys
ISK,CRYPTO,,ISKRA Token
ISLAND,CRYPTO,,ISLAND Token
ISLM,CRYPTO,,ISLM
ISP,CRYPTO,,Ispolink
ISRGON,CRYPTO,,Intuitive Surgical Tokenized Stock (Ondo)
ISRGX,CRYPTO,,Intuitive Surgical tokenized stock (xStock)
ITAON,CRYPTO,,iShares US Aerospace and Defense Tokenized ETF (Ondo)
ITA,CRYPTO,,Italian National Football Team Fan Token
ITHACA,CRYPTO,,Ithaca Protocol
ITHEUM,CRYPTO,,Itheum
ITOTON,CRYPTO,,iShares Core S&P Total US Stock Market Tokenized ETF (Ondo)
IVVON,CRYPTO,,iShares Core S&P 500 Tokenized ETF (Ondo)
IWFON,CRYPTO,,iShares Russell 1000 Growth Tokenized ETF (Ondo)
IWMON,CRYPTO,,iShares Russell 2000 Tokenized ETF (Ondo)
IWMX,CRYPTO,,Russell 2000 Tokenised ETF (xStock)
IWNON,CRYPTO,,iShares Russell 2000 Value Tokenized ETF (Ondo)
IXS,CRYPTO,,IXS
IZI,CRYPTO,,Izumi Finance
JAILSTOOL,CRYPTO,,Stool Prisondente
JANET,CRYPTO,,Janet
JASMY,CRYPTO,,JasmyCoin
JCT,CRYPTO,,Janction
JDON,CRYPTO,,JD.com Tokenized Stock (Ondo)
JELLYJELLY,CRYPTO,,Jelly-My-Jelly
JETTON,CRYPTO,,JetTon Games
JFI,CRYPTO,,JackPool.finance
JGGL,CRYPTO,,JGGL
JIMOTHYT,CRYPTO,,Jimothy The Raccoon
JITOSOL,CRYPTO,,Jito Staked SOL
JLP,CRYPTO,,Jupiter Perps LP
JMDT,CRYPTO,,Jupiter Meta Data Token [ JMDT ]
JNJON,CRYPTO,,Johnson & Johnson Tokenized Stock (Ondo)
JNJX,CRYPTO,,Johnson & Johnson tokenized stock (xStock)
JOBY,CRYPTO,,Free Joby
JOCJ,CRYPTO,,Japan Open Chain
JOE,CRYPTO,,JOE
JOTCHUA2,CRYPTO,,Jotchua
JPMON,CRYPTO,,JPMorgan Chase Tokenized Stock (Ondo)
JST,CRYPTO,,JUST
JTO,CRYPTO,,Jito
JUGGERNAUT,CRYPTO,,The Juggernaut
JUNO,CRYPTO,,JUNO
JUPI,CRYPTO,,Jupiter
JUPUSD,CRYPTO,,Jupiter USD
J,CRYPTO,,JAMBO
JUV,CRYPTO,,Juventus Fan Token
KABUTO,CRYPTO,,Kabuto King
KAIA,CRYPTO,,Kaia
KAIO,CRYPTO,,KAIO
KAITO,CRYPTO,,KAITO
KARRAT,CRYPTO,,KARRAT
KASPY,CRYPTO,,Kaspy
KAS,CRYPTO,,Kaspa
KATAN,CRYPTO,,Katana
KATA,CRYPTO,,Katana Inu
KATKA,CRYPTO,,Karat
KAVA,CRYPTO,,Kava
KCAL,CRYPTO,,KCAL
KCS,CRYPTO,,KuCoin Token
KCT,CRYPTO,,Konnect
KDA,CRYPTO,,Kadena
KDK,CRYPTO,,Kodiak Finance
KDXKO,CRYPTO,,Kodexa
KEELON,CRYPTO,,Keel Infrastructure Tokenized Stock (Ondo)
KEEP,CRYPTO,,Keep Network
KEFUXIAOHE,CRYPTO,,Ke Fu Xiao He
KEKIUSMA,CRYPTO,,Kekius Maximus
KERNEL,CRYPTO,,KernelDAO
KET2,CRYPTO,,KET
KEYCAT,CRYPTO,,Keyboard Cat
KEYSON,CRYPTO,,Keysight Technologies Tokenized Stock (Ondo)
KGEN,CRYPTO,,KGeN
KGST,CRYPTO,,KGST
KHYPE,CRYPTO,,Kinetiq Staked HYPE
KII,CRYPTO,,Kiichain
KILO,CRYPTO,,KiloEx
KIP,CRYPTO,,KIP Protocol
KITEAI,CRYPTO,,KiteAI
KITE,CRYPTO,,Kite
KLACON,CRYPTO,,KLA Tokenized Stock (Ondo)
KLACX,CRYPTO,,KLA Corporation tokenized stock (xStock)
KLINK,CRYPTO,,Klink Finance
KLIP,CRYPTO,,KLIPAI
KLO,CRYPTO,,Kalao
KLV,CRYPTO,,Klever Coin
KMNO,CRYPTO,,Kamino
KNC,CRYPTO,,Kyber Network Crystal v2
KNINE,CRYPTO,,K9 Finance
KNTQ,CRYPTO,,Kinetiq
KOMA,CRYPTO,,Koma Inu
KOM,CRYPTO,,Kommunitas
KONET,CRYPTO,,KONET
KOON,CRYPTO,,Coca-Cola Tokenized Stock (Ondo)
KORI,CRYPTO,,Kori The Pom
KORUB,CRYPTO,,South Korea Bull 3X ETF Tokenized bStocks
KOX,CRYPTO,,Coca-Cola tokenized stock (xStock)
KRL,CRYPTO,,Kryll
KRRX,CRYPTO,,Kyrrex
KSM,CRYPTO,,Kusama
KTA,CRYPTO,,Keeta
KTKI,CRYPTO,,KingdomX
KTON,CRYPTO,,Darwinia Commitment Token
KUB,CRYPTO,,KUB Coin
KUKUMACU,CRYPTO,,Cuo Ban Ma
KULA,CRYPTO,,KULA
KUVI,CRYPTO,,Kuvi
KYVE,CRYPTO,,KYVE Network
KZEN,CRYPTO,,Kaizen Finance
L3L,CRYPTO,,Layer3
LAB2,CRYPTO,,LAB
LABUBUS,CRYPTO,,LABUBU SOL
LADYS,CRYPTO,,Milady Meme Coin
LAGR,CRYPTO,,Lagrange
LAIKA3,CRYPTO,,Laika
LAIR,CRYPTO,,Lair Finance
LAOZI,CRYPTO,,Lao Zi
LAT,CRYPTO,,PlatON
LAVAN,CRYPTO,,Lava Network
LAYERS,CRYPTO,,Solayer
LAZIO,CRYPTO,,S.S. Lazio Fan Token
LBC,CRYPTO,,LBRY Credits
LBTCL,CRYPTO,,Lombard BTC
LBT,CRYPTO,,Law Blocks (AI)
LB,CRYPTO,,LoveBit
LCRO,CRYPTO,,Liquid CRO
LCX,CRYPTO,,LCX
LDO,CRYPTO,,Lido DAO
LEARN,CRYPTO,,Brainedge
LEE,CRYPTO,,Love Earn Enjoy
LEGION,CRYPTO,,LEGION
LEO,CRYPTO,,UNUS SED LEO
LETSBONK,CRYPTO,,Let's BONK
LF2,CRYPTO,,LF
LIGHTB,CRYPTO,,Bitlight
LIGO,CRYPTO,,LIGO
LIKE,CRYPTO,,LIKE
LIME,CRYPTO,,iMe Lab
LINEA,CRYPTO,,Linea
LINGO,CRYPTO,,Lingo
LINK,CRYPTO,,Chainlink
LINON,CRYPTO,,Linde plc Tokenized Stock (Ondo)
LIONL,CRYPTO,,Loaded Lions
LIQUIDIUM,CRYPTO,,LIQUIDIUM*TOKEN
LISTA,CRYPTO,,Lista DAO
LITEB,CRYPTO,,Lumentum Tokenized bStocks
LITEON,CRYPTO,,Lumentum Holdings Tokenized Stock (Ondo)
LITEX,CRYPTO,,Lumentum Holdings Inc. tokenized stock (xStock)
LITL,CRYPTO,,Lighter
LIT,CRYPTO,,Litentry
LKY,CRYPTO,,Luckycoin
LLL,CRYPTO,,LightLink
LLYON,CRYPTO,,Eli Lilly Tokenized Stock (Ondo)
LLYX,CRYPTO,,Eli Lilly tokenized stock (xStock)
LMTON,CRYPTO,,Lockheed Tokenized Stock (Ondo)
LMTS,CRYPTO,,Limitless
LM,CRYPTO,,LeisureMeta
LMWR,CRYPTO,,LimeWire
LNDX,CRYPTO,,LandX Finance
LNF,CRYPTO,,Lnfi Network
LNQ,CRYPTO,,LinqAI
LOA,CRYPTO,,League of Ancients
LOBO,CRYPTO,,LOBO*THE*WOLF*PUP (Bitcoin)
LOBSTAR,CRYPTO,,Lobstar
LOCKIN,CRYPTO,,LOCK IN
LOCUS,CRYPTO,,Locus Chain
LOE,CRYPTO,,Legends of Elysium
LOFI2,CRYPTO,,LOFI
LOGX,CRYPTO,,LogX Network
LOL6,CRYPTO,,LOL (lolonsol)
LONGB,CRYPTO,,Belong
LONGXIA,CRYPTO,,Long Xia (Lobster)
LON,CRYPTO,,Tokenlon Network Token
LOOP,CRYPTO,,Loop Network
LOT,CRYPTO,,League of Traders
LOULOU,CRYPTO,,Loulou
LPT,CRYPTO,,Livepeer
LQR,CRYPTO,,Laqira Protocol
LQTY,CRYPTO,,Liquity
LQ,CRYPTO,,Liqwid Finance
LRC,CRYPTO,,Loopring
LRCXON,CRYPTO,,Lam Research Tokenized Stock (Ondo)
LRCXX,CRYPTO,,Lam Research Corporation tokenized stock (xStock)
LRDSB,CRYPTO,,BLOCKLORDS
LSETH,CRYPTO,,Liquid Staked ETH
LSK,CRYPTO,,Lisk
LTC,CRYPTO,,Litecoin
LTTLU,CRYPTO,,Luxury Travel Token
LUCE,CRYPTO,,LUCE
LUCIC,CRYPTO,,Lucidum Coin
LUCKYB,CRYPTO,,B-Lucky
LUFC,CRYPTO,,Leeds United Fan Token
LUMIA,CRYPTO,,Lumia
LUMINT,CRYPTO,,Lumint
LUNAB,CRYPTO,,Luna by Virtuals
LUNAM,CRYPTO,,AdLunam
LUNA,CRYPTO,,Terra
LUNC,CRYPTO,,Terra Classic
LUNRON,CRYPTO,,Intuitive Machines Tokenized Stock (Ondo)
LVLY,CRYPTO,,Lyvely
LVVA,CRYPTO,,Levva Protocol
LWA,CRYPTO,,LumiWave
LYN,CRYPTO,,Everlyn AI
LYP,CRYPTO,,Lympid
LYX,CRYPTO,,LUKSO
M87,CRYPTO,,MESSIER
MAD2,CRYPTO,,MAD
MAGAMAKE,CRYPTO,,Make Aliens Great Again
MAGIC,CRYPTO,,Treasure
MAGMA,CRYPTO,,Magma Finance
MAIGA,CRYPTO,,Maiga
MAJOR2,CRYPTO,,Major
MAJO,CRYPTO,,Majo
MAK,CRYPTO,,MetaCene
MAME,CRYPTO,,Mame Inu
MAMO,CRYPTO,,Mamo
MAM,CRYPTO,,Mind AI
MANA,CRYPTO,,Decentraland
MANEKI,CRYPTO,,MANEKI
MANIFESTI,CRYPTO,,Manifesting
MANTA,CRYPTO,,Manta Network
MANTRA,CRYPTO,,MANTRA
MAN,CRYPTO,,Matrix AI Network
MANYU3,CRYPTO,,Manyu
MAON,CRYPTO,,Mastercard Tokenized Stock (Ondo)
MAPO,CRYPTO,,MAP Protocol
MAPSC,CRYPTO,,MAP Network
MARAON,CRYPTO,,MARA Holdings Tokenized Stock (Ondo)
MARS5,CRYPTO,,Mars
MARSCOIN6,CRYPTO,,MarsCoin
MART,CRYPTO,,Artmeta
MASKC,CRYPTO,,catwifmask
MASK,CRYPTO,,Mask Network
MASSA,CRYPTO,,Massa
MASS,CRYPTO,,Massnet
MATCH,CRYPTO,,Matching Game
MATC,CRYPTO,,Matchain
MATH,CRYPTO,,MATH
MAVE,CRYPTO,,Maverick Protocol
MAVIA,CRYPTO,,Heroes of Mavia
MAXE,CRYPTO,,MAX Exchange Token
MAXMA,CRYPTO,,Mastercard tokenized stock (xStock)
MAXXING,CRYPTO,,Maxxing
MAYFL,CRYPTO,,Mayflower AI
MBGM,CRYPTO,,MultiBank Group
MBL,CRYPTO,,MovieBloc
MBOX,CRYPTO,,MOBOX
MBX,CRYPTO,,MARBLEX
MCDON,CRYPTO,,McDonald's Tokenized Stock (Ondo)
MCDX,CRYPTO,,McDonald's tokenized stock (xStock)
MCN,CRYPTO,,MCN
MCRT,CRYPTO,,MagicCraft
MDAO,CRYPTO,,MarsDAO
MDF,CRYPTO,,MatrixETF
MDT,CRYPTO,,Measurable Data Token
MDUS,CRYPTO,,MEDIEUS
ME2,CRYPTO,,Magic Eden
MED,CRYPTO,,MediBloc
MEER,CRYPTO,,Qitmeer Network
MEE,CRYPTO,,Medieval Empires
MEGAE,CRYPTO,,MegaETH
MELANIAO,CRYPTO,,Official Melania Meme
MELION,CRYPTO,,MercadoLibre Tokenized Stock (Ondo)
MEMECORE,CRYPTO,,MemeCore
MEMECO,CRYPTO,,Memecoin
MENGO,CRYPTO,,Flamengo Fan Token
MEPAD,CRYPTO,,MemePad
MERL,CRYPTO,,Merlin Chain
MERY,CRYPTO,,Mistery On Cro
METAB,CRYPTO,,Meta Tokenized bStocks
METAD,CRYPTO,,MetaDAO (new)
METALB,CRYPTO,,Metal Blockchain
METANIAG,CRYPTO,,MetaniaGames v2
METAN,CRYPTO,,Metan Evolutions
METAON,CRYPTO,,Meta Platforms Tokenized Stock (Ondo)
META,CRYPTO,,Metadium
METAXM,CRYPTO,,Meta tokenized stock (xStock)
METE,CRYPTO,,Meteora
METFI,CRYPTO,,MetFi
METH,CRYPTO,,Mantle Staked Ether
METIS,CRYPTO,,Metis
METO,CRYPTO,,Metafluence
MEV,CRYPTO,,MEVerse
MEW,CRYPTO,,cat in a dogs world
MEXM,CRYPTO,,xExchange
MEY,CRYPTO,,Mey Network
MEZO3,CRYPTO,,Mezo
MFMO,CRYPTO,,Moonwalk Fitness
MGKL,CRYPTO,,MAGIKAL.ai
MGOM,CRYPTO,,Mango Network
MGTMO,CRYPTO,,Moongate
MICHI2,CRYPTO,,michi (SOL)
MILLI,CRYPTO,,MILLI
MILO,CRYPTO,,Milo Inu
MIMMAG,CRYPTO,,MAGIC*INTERNET*MONEY (Bitcoin)
MINA,CRYPTO,,Mina
MINI2,CRYPTO,,mini
MINIMA,CRYPTO,,Minima
MINS,CRYPTO,,Minswap
MIRAIP,CRYPTO,,Project MIRAI
MIRAN,CRYPTO,,Mira
MIRR,CRYPTO,,Mirror Protocol
MITO,CRYPTO,,Mitosis
MIU2,CRYPTO,,Miu
MLC,CRYPTO,,My Lovely Planet
MLK,CRYPTO,,MiL.k
MLN,CRYPTO,,Enzyme
MLPM,CRYPTO,,Matrix Layer Protocol
ML,CRYPTO,,Mintlayer
MLXC,CRYPTO,,Marvellex Classic
MMPRO,CRYPTO,,MMPRO Token
MMTMO,CRYPTO,,Momentum
MMXN,CRYPTO,,Moneta Digital
MNDE,CRYPTO,,Marinade
MNFT,CRYPTO,,MongolNFT Coin
MNSRY,CRYPTO,,Mansory
MNT,CRYPTO,,Mantle
MNTX,CRYPTO,,Minutes Network Token
MOB,CRYPTO,,MobileCoin
MOBYA,CRYPTO,,Moby
MOCAV,CRYPTO,,Moca Network
MOCHI2,CRYPTO,,Mochi (New)
MOC,CRYPTO,,Moss Coin
MODE,CRYPTO,,Mode
MOEW,CRYPTO,,donotfomoew
MOG,CRYPTO,,MOG Coin
MOLT,CRYPTO,,Moltbook
MOMO7,CRYPTO,,Momo
MONAD,CRYPTO,,Monad
MOODENG2,CRYPTO,,MOO DENG
MOODENG,CRYPTO,,Moo Deng
MOONEY,CRYPTO,,MoonDAO
MOONPIG,CRYPTO,,Moonpig
MOOO,CRYPTO,,Hashtagger.com
MOOV,CRYPTO,,Dotmoovs
MORIC,CRYPTO,,MORI COIN
MORPHO,CRYPTO,,Morpho
MOVEM,CRYPTO,,Movement
MOVR,CRYPTO,,Moonriver
MPCP,CRYPTO,,Partisia Blockchain
MPLX,CRYPTO,,Metaplex
MPON,CRYPTO,,MP Materials Tokenized Stock (Ondo)
MRKON,CRYPTO,,Merck Tokenized Stock (Ondo)
MRLN,CRYPTO,,Project Merlin
MRNAON,CRYPTO,,Moderna Tokenized Stock (Ondo)
MRVLB,CRYPTO,,Marvell Technology Tokenized bStocks
MRVLON,CRYPTO,,Marvell Technology Tokenized Stock (Ondo)
MRVLX,CRYPTO,,Marvell tokenized stock (xStock)
MSFTB,CRYPTO,,Microsoft Tokenized bStocks
MSFTON,CRYPTO,,Microsoft Tokenized Stock (Ondo)
MSFTX,CRYPTO,,Microsoft tokenized stock (xStock)
MSOL,CRYPTO,,Marinade Staked SOL
MSQ,CRYPTO,,MSQUARE GLOBAL
MSTRBS,CRYPTO,,Strategy Tokenized bStocks
MSTRON,CRYPTO,,MicroStrategy Tokenized Stock (Ondo)
MSTRX,CRYPTO,,MicroStrategy tokenized stock (xStock)
MTD,CRYPTO,,Minted
MTL,CRYPTO,,Metal DAO
MTRG,CRYPTO,,Meter Governance
MTR,CRYPTO,,Meter Stable
MTTM,CRYPTO,,METTI TOKEN
MTV,CRYPTO,,MultiVAC
MUBARAKAH,CRYPTO,,Mubarakah
MUBARAK,CRYPTO,,Mubarak
MUB,CRYPTO,,Micron Technology Tokenized bStocks
MUON,CRYPTO,,Micron Technology Tokenized Stock (Ondo)
MUSD2,CRYPTO,,MUSD
MUSE,CRYPTO,,Muse
MUUB,CRYPTO,,Direxion MU Bull 2X ETF Tokenized bStocks
MUXM,CRYPTO,,Micron Technology tokenized stock (xStock)
MVC,CRYPTO,,MileVerse
MVLLB,CRYPTO,,GraniteShares 2X Long MRVL ETF Tokenized bStocks
MVL,CRYPTO,,MVL
MVRK,CRYPTO,,Mavryk Network
MWXT,CRYPTO,,MWX Token
MXLON,CRYPTO,,MaxLinear Tokenized Stock (Ondo)
MXNA,CRYPTO,,Dark Machine
MXNB,CRYPTO,,MXNB
MXSOL,CRYPTO,,MEXC Staked SOL
MX,CRYPTO,,MX TOKEN
MYRO,CRYPTO,,Myro
MYSTERY,CRYPTO,,Mystery
MYST,CRYPTO,,Mysterium
MY,CRYPTO,,MetYa
MYX,CRYPTO,,MYX Finance
NACHO,CRYPTO,,Nacho the Kat
NAFT,CRYPTO,,Nafter
NAKA,CRYPTO,,Nakamoto Games
NAORIS,CRYPTO,,NaoX Protocol
NAP,CRYPTO,,Napoli Fan Token
NATIX,CRYPTO,,NATIX Network
NAVIA,CRYPTO,,Atlas Navi
NAVX,CRYPTO,,NAVI Protocol
NAWS,CRYPTO,,NAWS.AI
NBISB,CRYPTO,,Nebius Tokenized bStocks
NBISON,CRYPTO,,Nebius Group Tokenized Stock (Ondo)
NBLU,CRYPTO,,NuriTopia
NBOT,CRYPTO,,Naka Bodhi Token
NBT,CRYPTO,,NanoByte Token
NCN,CRYPTO,,NeurochainAI
NCT,CRYPTO,,PolySwarm
NC,CRYPTO,,Nodepay
NEAR,CRYPTO,,NEAR Protocol
NEET,CRYPTO,,NotInEmploymentEducationTraining
NEIRO3,CRYPTO,,Neiro Ethereum
NEIROF,CRYPTO,,Neiro
NEIRO,CRYPTO,,Neiro
NEKON,CRYPTO,,Neonneko
NEMON,CRYPTO,,Newmont Tokenized Stock (Ondo)
NEONE,CRYPTO,,Neon EVM
NEO,CRYPTO,,Neo
NEROC,CRYPTO,,NERO Chain
NESA2,CRYPTO,,Nesa
NESSL,CRYPTO,,Ness LAB
NETT,CRYPTO,,Netswap
NETX,CRYPTO,,NetX
NEUROW,CRYPTO,,NeuroWeb
NEWT,CRYPTO,,Newton Protocol
NEXA,CRYPTO,,Nexa
NEXM,CRYPTO,,Nexum
NEXO,CRYPTO,,Nexo
NEXUS5,CRYPTO,,Nexus
NFE,CRYPTO,,Edu3Labs
NFLXB,CRYPTO,,Netflix Tokenized bStocks
NFLXON,CRYPTO,,Netflix Tokenized Stock (Ondo)
NFLXX,CRYPTO,,Netflix tokenized stock (xStock)
NFPR,CRYPTO,,NFPrompt
NFT,CRYPTO,,AINFT
NIBI,CRYPTO,,Nibiru
NIGHTMI,CRYPTO,,Midnight
NIKO,CRYPTO,,NikolAI
NIL,CRYPTO,,Nillion
NIM,CRYPTO,,Nimiq
NIULAI,CRYPTO,,Niu Lai (Niu Lai)
NIZA,CRYPTO,,Niza Global
NKEON,CRYPTO,,Nike Tokenized Stock (Ondo)
NKN,CRYPTO,,NKN
NLS,CRYPTO,,Nolus
NMR,CRYPTO,,Numeraire
NMTN,CRYPTO,,NetMind Token
NOBODY,CRYPTO,,Nobody Sausage
NOCK,CRYPTO,,Nockchain
NOCON,CRYPTO,,Northrop Grumman Tokenized Stock (Ondo)
NODEO,CRYPTO,,NodeOps
NODL,CRYPTO,,Nodle
NOICE,CRYPTO,,noice
NOKBN,CRYPTO,,Nokia Tokenized bStocks
NOKON,CRYPTO,,Nokia Tokenized Stock (Ondo)
NOMI,CRYPTO,,Nomina
NOMOX,CRYPTO,,Nomoex
NOOT,CRYPTO,,NOOT (Ordinals)
NOS,CRYPTO,,Nosana
NOTHINGY,CRYPTO,,You’ll own nothing & be happy
NOT,CRYPTO,,Notcoin
NOWON,CRYPTO,,ServiceNow Tokenized Stock (Ondo)
NPCN,CRYPTO,,Non-Playable Coin
NRG,CRYPTO,,Energi
NSDX,CRYPTO,,NASDEX
NSS,CRYPTO,,Sui Name Service
NST,CRYPTO,,Ninja Squad Token
NTX,CRYPTO,,NuNet
NUMIN,CRYPTO,,NUMINE
NUM,CRYPTO,,Numbers Protocol
NUTST,CRYPTO,,Thetanuts Finance
NUX,CRYPTO,,Peanut
NVDABN,CRYPTO,,NVIDIA Tokenized bStocks
NVDAON,CRYPTO,,NVIDIA Tokenized Stock (Ondo)
NVDAX,CRYPTO,,NVIDIA tokenized stock (xStock)
NVOON,CRYPTO,,Novo Nordisk Tokenized Stock (Ondo)
NXPC,CRYPTO,,NEXPACE
NXRA,CRYPTO,,Nexera
NYANH,CRYPTO,,Nyan Heroes
NYM,CRYPTO,,NYM
O1,CRYPTO,,o1.exchange
O4DX,CRYPTO,,OrangeDX
OAS,CRYPTO,,Oasys
OBI,CRYPTO,,Orbofi AI
OBOL,CRYPTO,,Obol
OBSR,CRYPTO,,Observer
OBTOR,CRYPTO,,Orbiter Finance
OCEAN,CRYPTO,,Ocean Protocol
OCTA,CRYPTO,,OctaSpace
ODOS,CRYPTO,,Odos
OFCO,CRYPTO,,OneFootball Credits
OFT,CRYPTO,,ONFA
OGN,CRYPTO,,Origin Protocol
OGPU,CRYPTO,,OpenGPU
OG,CRYPTO,,OG Fan Token
OGY,CRYPTO,,ORIGYN
OHM,CRYPTO,,Olympus v2
OKB,CRYPTO,,OKB
OKLOON,CRYPTO,,Oklo Tokenized Stock (Ondo)
OKTAX,CRYPTO,,Okta tokenized stock (xStock)
OLAS,CRYPTO,,Autonolas
OLE,CRYPTO,,OpenLeverage
OL,CRYPTO,,Open Loot
OMG,CRYPTO,,OMG Network
OMI,CRYPTO,,ECOMI
ONDO,CRYPTO,,Ondo
ONDSON,CRYPTO,,Ondas Holdings Tokenized Stock (Ondo)
ONDSX,CRYPTO,,Ondas tokenized stock (xStock)
ONE,CRYPTO,,Harmony
ONG,CRYPTO,,Ontology Gas
ONI,CRYPTO,,ONINO
ONT,CRYPTO,,Ontology
ON,CRYPTO,,Orochi Network
OOB,CRYPTO,,OOBIT
OORT2,CRYPTO,,OORT
OPENL,CRYPTO,,OpenLedger
OPENXA,CRYPTO,,OpenX Network
OPGOPE,CRYPTO,,OpenGradient
OPNOP,CRYPTO,,Opinion
OPNO,CRYPTO,,OPEN Ticketing Ecosystem
OPTI,CRYPTO,,Optimus AI
OP,CRYPTO,,Optimism
ORAI,CRYPTO,,Oraichain
ORBR,CRYPTO,,Orbler
ORBS,CRYPTO,,Orbs
ORCA,CRYPTO,,Orca
ORCLB,CRYPTO,,Oracle Tokenized bStocks
ORCLON,CRYPTO,,Oracle Tokenized Stock (Ondo)
ORCLX,CRYPTO,,Oracle tokenized stock (xStock)
ORDER,CRYPTO,,Orderly
ORDI,CRYPTO,,ORDI
OREV,CRYPTO,,Ore
ORION,CRYPTO,,Orion Money
ORO,CRYPTO,,Operon Origins
ORTA,CRYPTO,,Orta Chain
ORTX,CRYPTO,,XREATORS
OSHIP,CRYPTO,,Oshi Token
OSMO,CRYPTO,,Osmosis
OTK,CRYPTO,,Octokn
OVL,CRYPTO,,Overlay
OVO,CRYPTO,,OVO
OVPPO,CRYPTO,,OpenVPP
OVPP,CRYPTO,,OpenVPP
OVR,CRYPTO,,OVR
OWLT,CRYPTO,,Owlto Finance
OWN,CRYPTO,,Otherworld
OXT,CRYPTO,,Orchid
OXYON,CRYPTO,,Occidental Petroleum Tokenized Stock (Ondo)
OZO,CRYPTO,,Ozone Chain
P2P,CRYPTO,,Sentinel
PAAL,CRYPTO,,PAAL AI
PACE,CRYPTO,,3space Art
PACK,CRYPTO,,HashPack
PACTP,CRYPTO,,PACT
PALCOIN,CRYPTO,,Palcoin Ventures
PALI,CRYPTO,,Palio
PALLON,CRYPTO,,abrdn Physical Palladium Shares Tokenized ETF (Ondo)
PALMA,CRYPTO,,PaLM AI
PALU2,CRYPTO,,Palu
PANDO,CRYPTO,,Pando
PANWON,CRYPTO,,Palo Alto Networks Tokenized Stock (Ondo)
PAPARAZZI,CRYPTO,,Paparazzi Token
PARTI,CRYPTO,,Particle Network
PART,CRYPTO,,Particl
PAXG,CRYPTO,,PAX Gold
PAYAIN,CRYPTO,,PayAI Network
PBRON,CRYPTO,,Petrobras Tokenized Stock (Ondo)
PBTC35A,CRYPTO,,pBTC35A
PCI,CRYPTO,,Paycoin
PDDON,CRYPTO,,PDD Holdings Tokenized Stock (Ondo)
PEAQ,CRYPTO,,peaq
PEIPEI2,CRYPTO,,PeiPei (ETH)
PELL,CRYPTO,,Pell Network
PENDLE,CRYPTO,,Pendle
PEND,CRYPTO,,Pendulum
PENGUINN,CRYPTO,,Nietzschean Penguin
PENGUPUD,CRYPTO,,Pudgy Penguins
PENG,CRYPTO,,Peng
PEOPLE,CRYPTO,,ConstitutionDAO
PEPE0,CRYPTO,,PEPE 0x69 ON BASE
PEPE20,CRYPTO,,Pepe 2.0
PEPECOIN3,CRYPTO,,Pepecoin
PEPECOINC,CRYPTO,,PepeCoin
PEPE,CRYPTO,,Pepe
PEPON,CRYPTO,,PepsiCo Tokenized Stock (Ondo)
PEPPER,CRYPTO,,PEPPER
PEPU,CRYPTO,,Pepe Unchained (New)
PEPX,CRYPTO,,PepsiCo tokenized stock (xStock)
PERP,CRYPTO,,Perpetual Protocol
PFEON,CRYPTO,,Pfizer Tokenized Stock (Ondo)
PGON,CRYPTO,,Procter & Gamble Tokenized Stock (Ondo)
PGPT,CRYPTO,,PrivateAI
PGXPR,CRYPTO,,Procter & Gamble tokenized stock (xStock)
PHA,CRYPTO,,Phala Network
PHB,CRYPTO,,Phoenix
PHNIX,CRYPTO,,Phoenix
PI3,CRYPTO,,PI
PIB,CRYPTO,,PIBBLE
PIEVERSE,CRYPTO,,Pieverse
PIGGYC,CRYPTO,,Piggycell
PIG,CRYPTO,,Pig Finance
PILL,CRYPTO,,Life Changing Pill (PillNet AI)
PINE,CRYPTO,,Pine
PING2,CRYPTO,,Ping
PINL,CRYPTO,,PinLink
PIPEDOG,CRYPTO,,Pipedog
PIPEN,CRYPTO,,Pipe Network
PIPPIN,CRYPTO,,pippin
PIRATEN,CRYPTO,,Pirate Nation
PISTACIO,CRYPTO,,Pistacio
PITCHW,CRYPTO,,Pitch World Cup
PIT,CRYPTO,,Pitbull
PI,CRYPTO,,Plian
PIVX,CRYPTO,,PIVX
PIXELS,CRYPTO,,Pixels
PIXI,CRYPTO,,Pixie
PLANET,CRYPTO,,PLANET
PLAYSO,CRYPTO,,PlaysOut
PLB,CRYPTO,,Paladeum
PLI,CRYPTO,,Plugin Decentralized Oracle
PLNP,CRYPTO,,Plearn
PLON,CRYPTO,,Planet Labs Tokenized Stock (Ondo)
PLSPAD,CRYPTO,,PulsePad
PLTRB,CRYPTO,,Palantir Tokenized bStocks
PLTRON,CRYPTO,,Palantir Technologies Tokenized Stock (Ondo)
PLTRX,CRYPTO,,Palantir tokenized stock (xStock)
PLUGON,CRYPTO,,Plug Power Tokenized Stock (Ondo)
PLUME,CRYPTO,,Plume
PLU,CRYPTO,,Pluton
PMG,CRYPTO,,PMG Coin
PMTPU,CRYPTO,,Public Masterpiece Token
PMXP,CRYPTO,,Philip Morris tokenized stock (xStock)
PNG,CRYPTO,,Pangolin
PNIC,CRYPTO,,Phoenic
PNUTP,CRYPTO,,Peanut the Squirrel
POKT,CRYPTO,,Pocket Network
POLIS,CRYPTO,,Star Atlas DAO
POLK,CRYPTO,,Polkamarkets
POLS,CRYPTO,,Polkastarter
POLYG,CRYPTO,,Polygon (prev. MATIC)
POLYX,CRYPTO,,Polymesh
POND,CRYPTO,,Marlin
PONKE,CRYPTO,,Ponke
PONS,CRYPTO,,TENDIES (TendiesRH)
POOL,CRYPTO,,PoolTogether
POOLX,CRYPTO,,Poolz Finance
POPCAT2,CRYPTO,,Popcat (SOL)
POPZ,CRYPTO,,Zypher Network
PORT3,CRYPTO,,Port3 Network
PORTAL3,CRYPTO,,Portal
PORTALS,CRYPTO,,Portals
PORTO,CRYPTO,,FC Porto Fan Token
PORT,CRYPTO,,Port Finance
PORTU,CRYPTO,,Portuma
POR,CRYPTO,,Portugal National Team Fan Token
POWERP,CRYPTO,,Power Protocol
POWR,CRYPTO,,Powerledger
PPC,CRYPTO,,Peercoin
PPLTON,CRYPTO,,abrdn Physical Platinum Shares Tokenized ETF (Ondo)
PPO,CRYPTO,,PoP Planet
PRAI,CRYPTO,,Privasea AI
PRARE,CRYPTO,,POLKARARE
PRCL,CRYPTO,,Parcl
PRICELESS,CRYPTO,,Priceless
PRIMAL,CRYPTO,,PRIMAL
PRIMEE,CRYPTO,,Echelon Prime
PRLP,CRYPTO,,Perle
PROMPT,CRYPTO,,Wayfinder
PROM,CRYPTO,,Prom
PROPC,CRYPTO,,Propchain
PROPSP,CRYPTO,,Propbase
PROSPH,CRYPTO,,Pharos
PROS,CRYPTO,,Prosper
PRO,CRYPTO,,Propy
PROVE,CRYPTO,,Succinct
PSG,CRYPTO,,Paris Saint-Germain Fan Token
PSIT,CRYPTO,,TridentDAO
PSQON,CRYPTO,,ProShares Short QQQ Tokenized Stock (Ondo)
PSYOPANIME,CRYPTO,,PsyopAnime
PTB,CRYPTO,,Portal To Bitcoin
PTH,CRYPTO,,PlasticHero
PT,CRYPTO,,Phemex Token
PUBLICA,CRYPTO,,PublicAI
PUFFER,CRYPTO,,Puffer
PUFFT,CRYPTO,,Puff The Dragon
PUMPBTC2,CRYPTO,,PumpBTC (Governance token)
PUMPCADE,CRYPTO,,PUMPCADE
PUMPF,CRYPTO,,Pump.fun
PUNCH2,CRYPTO,,panchi
PUNDIAI,CRYPTO,,Pundi AI
PUNDIX,CRYPTO,,Pundi X (New)
PUP3,CRYPTO,,PUP
PUPSW,CRYPTO,,Pups (Bitcoin)
PURPE,CRYPTO,,Purple Pepe
PURR2,CRYPTO,,Purr
PUSH,CRYPTO,,Push Protocol
PUSS,CRYPTO,,PussFi
PVPF,CRYPTO,,PVPFUN
PVTPU,CRYPTO,,Punkvism
PWRON,CRYPTO,,Quanta Services Tokenized Stock (Ondo)
PXP,CRYPTO,,PointPay
PX,CRYPTO,,Not Pixel
PYBOBO,CRYPTO,,Capybobo
PYM,CRYPTO,,Playermon
PYPLBP,CRYPTO,,Paypal Tokenized bStocks
PYPLON,CRYPTO,,PayPal Tokenized Stock (Ondo)
PYR,CRYPTO,,Vulcan Forged (PYR)
PYTH,CRYPTO,,Pyth Network
PYUSD,CRYPTO,,PayPal USD
PZP,CRYPTO,,PlayZap
QAIT,CRYPTO,,QAIT
QANX,CRYPTO,,QANplatform
QBTSON,CRYPTO,,D-Wave Quantum Tokenized Stock (Ondo)
QBX,CRYPTO,,QBX
QCAD,CRYPTO,,QCAD
QCOMB,CRYPTO,,Qualcomm Tokenized bStocks
QCOMON,CRYPTO,,Qualcomm Tokenized Stock (Ondo)
QCOMX,CRYPTO,,Qualcomm tokenized stock (xStock)
QFI,CRYPTO,,Quantix Finance
QIE,CRYPTO,,QIE Blockchain
QI,CRYPTO,,BENQI
QKC,CRYPTO,,QuarkChain
QNTB,CRYPTO,,Quantinuum Tokenized bStocks
QNT,CRYPTO,,Quant
QONE,CRYPTO,,qONE
QORPO,CRYPTO,,QORPO WORLD
QQQB,CRYPTO,,Invesco QQQ Trust Tokenized bStocks
QQQON,CRYPTO,,Invesco QQQ Tokenized ETF (Ondo)
QQQX,CRYPTO,,Nasdaq tokenized ETF (xStock)
QRL,CRYPTO,,Quantum Resistant Ledger
QTC,CRYPTO,,Qitcoin
QTUM,CRYPTO,,Qtum
QUAC,CRYPTO,,Quack AI
QUAI,CRYPTO,,Quai Network
QUBIC,CRYPTO,,QUBIC
QUICKS,CRYPTO,,Quickswap[New]
QUIDSQU,CRYPTO,,Squid
R2P,CRYPTO,,R2 Protocol
RABI,CRYPTO,,RABI
RACA,CRYPTO,,RACA
RADAR,CRYPTO,,DappRadar
RAD,CRYPTO,,Radworks
RAGEGUY2,CRYPTO,,RAGEGUY
RAILS,CRYPTO,,Rails
RAIL,CRYPTO,,Railgun
RAIN2,CRYPTO,,Rain
RAI,CRYPTO,,Rai Reflex Index
RARE,CRYPTO,,SuperRare
RARI,CRYPTO,,Rarible
RATING,CRYPTO,,DPRating
RATS2,CRYPTO,,rats (Ordinals)
RAVED,CRYPTO,,RaveDAO
RAY,CRYPTO,,Raydium
RBC,CRYPTO,,Rubic
RBNT,CRYPTO,,Redbelly Network
RBTRU,CRYPTO,,Rubix
RC,CRYPTO,,Rebel Cars
RDDTON,CRYPTO,,Reddit Tokenized Stock (Ondo)
RDNT,CRYPTO,,Radiant Capital
RDWON,CRYPTO,,Redwire Tokenized Stock (Ondo)
REACT,CRYPTO,,Reactive Network
READY,CRYPTO,,Ready Cards
REALL,CRYPTO,,RealLink
RECALL,CRYPTO,,Recall
RECT,CRYPTO,,ReflectionAI
REDO,CRYPTO,,Resistance Dog
REDS,CRYPTO,,RedStone
REEF,CRYPTO,,Reef
REGNON,CRYPTO,,Regeneron Pharmaceuticals Tokenized Stock (Ondo)
REI2,CRYPTO,,REI NETWORK
REIGN,CRYPTO,,Reign of Terror
REI,CRYPTO,,REI Network
REKTC,CRYPTO,,Rekt
REMR,CRYPTO,,Real Estate Metaverse
RENDER,CRYPTO,,Render
RENSHENGKXIAN,CRYPTO,,RENSHENGKXIAN
REN,CRYPTO,,Ren
REPPO,CRYPTO,,Reppo
REP,CRYPTO,,Augur
REQ,CRYPTO,,Request
RESOLV,CRYPTO,,Resolv
RE,CRYPTO,,Re
REVU,CRYPTO,,Revuto
REZ,CRYPTO,,Renzo
RFD,CRYPTO,,RefundCoin
RFRM,CRYPTO,,Reform DAO
RFUEL,CRYPTO,,RioDeFi
RGTION,CRYPTO,,Rigetti Computing Tokenized Stock (Ondo)
RHEA,CRYPTO,,RHEA Finance
RH,CRYPTO,,RedHorse
RICEA,CRYPTO,,RICE AI
RIF,CRYPTO,,Rootstock Infrastructure Framework
RING,CRYPTO,,RingDAO
RION,CRYPTO,,Hyperion
RIOTON,CRYPTO,,Riot Platforms Tokenized Stock (Ondo)
RIO,CRYPTO,,Realio Network
RITE,CRYPTO,,ritestream
RIVER,CRYPTO,,River
RIVNON,CRYPTO,,Rivian Automotive Tokenized Stock (Ondo)
RIVNX,CRYPTO,,Rivian Automotive tokenized stock (xStock)
RIZE2,CRYPTO,,RIZE
RIZ,CRYPTO,,Rivalz Network
RJV,CRYPTO,,Rejuve.AI
RKLBB,CRYPTO,,Rocket Lab Tokenized bStocks
RKLBON,CRYPTO,,Rocket Lab Tokenized Stock (Ondo)
RLB,CRYPTO,,Rollbit Coin
RLC,CRYPTO,,iExec RLC
RLS,CRYPTO,,Rayls
RLUSD,CRYPTO,,Ripple USD
RMV,CRYPTO,,Reality Metaverse
RNBWR,CRYPTO,,Rainbow
ROAM,CRYPTO,,Roam
ROA,CRYPTO,,ROA CORE
ROBOTO,CRYPTO,,Fabric Protocol
ROCK,CRYPTO,,Rock Dao
ROG,CRYPTO,,ROGin AI
ROKX,CRYPTO,,Rockwell Automation tokenized stock (xStock)
ROLL,CRYPTO,,RollX
RON,CRYPTO,,Ronin
ROOBEE,CRYPTO,,ROOBEE
ROSE,CRYPTO,,Oasis
ROUTE,CRYPTO,,Router Protocol (New)
RPL,CRYPTO,,Rocket Pool
RSC,CRYPTO,,ResearchCoin
RSETH,CRYPTO,,Kelp DAO Restaked ETH
RSR,CRYPTO,,Reserve Rights
RSS3,CRYPTO,,RSS3
RTF,CRYPTO,,Ready to Fight
RTXON,CRYPTO,,RTX Tokenized Stock (Ondo)
RTXR,CRYPTO,,RateX
RUJI,CRYPTO,,Rujira
RUNE,CRYPTO,,THORChain
RVF,CRYPTO,,RocketX exchange
RVN,CRYPTO,,Ravencoin
RVV,CRYPTO,,Astra Nova
RWAA,CRYPTO,,Allo
RWAINC,CRYPTO,,RWA Inc.
RWAX,CRYPTO,,Xend Finance
RWS,CRYPTO,,Real World Services
RXD,CRYPTO,,Radiant
RYOT,CRYPTO,,RYO Coin
RZTO,CRYPTO,,RZTO
SAFE3,CRYPTO,,Safe
SAGA2,CRYPTO,,Saga
SAHARA,CRYPTO,,Sahara AI
SAISH,CRYPTO,,Sharpe AI
SAITO,CRYPTO,,Saito
SALV,CRYPTO,,SALVIUM
SAMO,CRYPTO,,Samoyedcoin
SAND,CRYPTO,,The Sandbox
SANTOS,CRYPTO,,Santos FC Fan Token
SAPIEN,CRYPTO,,Sapien
SAPON,CRYPTO,,SAP Tokenized Stock (Ondo)
SAROS,CRYPTO,,Saros
SATSO,CRYPTO,,SATS (Ordinals)
SAUBER,CRYPTO,,Alfa Romeo Racing ORLEN Fan Token
SAUCE,CRYPTO,,SaucerSwap
SBD,CRYPTO,,Steem Dollars
SBETON,CRYPTO,,"SharpLink Gaming, Inc Tokenized Stock (Ondo)"
SBR,CRYPTO,,Saber
SBTC3,CRYPTO,,sBTC
SBUXON,CRYPTO,,Starbucks Tokenized Stock (Ondo)
SCAL,CRYPTO,,Scallop
SCAMC,CRYPTO,,Scamcoin
SCARCITY,CRYPTO,,SCARCITY
SCCOON,CRYPTO,,Southern Copper Tokenized Stock (Ondo)
SCCP,CRYPTO,,S.C. Corinthians Fan Token
SCIHUB,CRYPTO,,sci-hub
SCM,CRYPTO,,ScamFari token
SCOR,CRYPTO,,SCOR
SCRO,CRYPTO,,Scroll
SCRT,CRYPTO,,Secret
SCT,CRYPTO,,SuperCells Token
SC,CRYPTO,,Siacoin
SDAI,CRYPTO,,Savings Dai
SDEX,CRYPTO,,SmarDex
SD,CRYPTO,,Stader
SEDA,CRYPTO,,SEDA Protocol
SEI,CRYPTO,,Sei
SENDSU,CRYPTO,,Suilend
SENSO,CRYPTO,,SENSO
SENTIE,CRYPTO,,Sentient
SENTIS,CRYPTO,,SentismAI
SERVO,CRYPTO,,OpenServ
SFIN,CRYPTO,,Songbird Finance
SFI,CRYPTO,,saffron.finance
SFP,CRYPTO,,SafePal
SGB,CRYPTO,,Songbird
SGOVON,CRYPTO,,iShares 0-3 Month Treasury Bond Tokenized ETF (Ondo)
SGR,CRYPTO,,Schrodinger
SGT,CRYPTO,,Suzuverse
SHAREX,CRYPTO,,ShareX
SHDWG,CRYPTO,,Shadow Token
SHELLM,CRYPTO,,MyShell
SHFT,CRYPTO,,Shyft Network
SHIB20S,CRYPTO,,Shib2.0
SHIB,CRYPTO,,Shiba Inu
SHIDONE,CRYPTO,,Shido Network
SHIRO,CRYPTO,,Shiro Neko
SHMS,CRYPTO,,Shardeum (New)
SHOPON,CRYPTO,,Shopify Tokenized Stock (Ondo)
SHPING,CRYPTO,,SHPING
SHRUB,CRYPTO,,Shrub
SHR,CRYPTO,,ShareToken
SHX,CRYPTO,,Stronghold SHx
SIGMA2,CRYPTO,,SIGMA
SIGN2,CRYPTO,,Sign
SINGLE,CRYPTO,,Single Finance
SIN,CRYPTO,,Sinverse
SIREN,CRYPTO,,siren
SIS,CRYPTO,,Symbiosis
SIX,CRYPTO,,SIX Token
SKATE,CRYPTO,,Skate
SKHYB,CRYPTO,,SK Hynix Tokenized bStocks
SKHYON,CRYPTO,,SK Hynix Tokenized Stock (Ondo)
SKHYX,CRYPTO,,SK hynix tokenized stock (xStock)
SKL,CRYPTO,,SKALE
SKOP,CRYPTO,,Skulls of Pepe Token
SKRS,CRYPTO,,Seeker
SKY2,CRYPTO,,Sky
SKYAI2,CRYPTO,,SKYAI
SKYA,CRYPTO,,Sekuya Multiverse
SLCS,CRYPTO,,Silencio
SLP,CRYPTO,,Smooth Love Potion
SLRS,CRYPTO,,Solrise Finance
SLVON,CRYPTO,,iShares Silver Trust Tokenized ETF (Ondo)
SLXSOL,CRYPTO,,Solstice
SMARS,CRYPTO,,SafeMars
SMART2,CRYPTO,,SMART
SMCIB,CRYPTO,,Super Micro Computer Tokenized bStocks
SMCION,CRYPTO,,Super Micro Computer Tokenized Stock (Ondo)
SMCIX,CRYPTO,,"Super Micro Computer, Inc. tokenized stock (xStock)"
SMHB,CRYPTO,,VanEck Semiconductor ETF Tokenized bStocks
SMHX,CRYPTO,,VanEck Semiconductor tokenized ETF (xStock)
SMTS,CRYPTO,,Swarm Markets
SMURFCAT,CRYPTO,,Real Smurf Cat
SMX,CRYPTO,,Snapmuse.io
SN3N,CRYPTO,,Nebula3 GameFi
SN44,CRYPTO,,Score
SN51,CRYPTO,,lium
SN62,CRYPTO,,Ridges AI
SN64,CRYPTO,,Chutes
SN75,CRYPTO,,Hippius
SN8,CRYPTO,,Vanta Network
SNAI,CRYPTO,,SwarmNode.ai
SNDKB,CRYPTO,,SanDisk Tokenized bStocks
SNDKON,CRYPTO,,SanDisk Tokenized Stock (Ondo)
SNDKX,CRYPTO,,Sandisk Corporation tokenized stock(xstock)
SNEK,CRYPTO,,Snek
SNFT,CRYPTO,,Spain National
SNOWON,CRYPTO,,Snowflake Tokenized Stock (Ondo)
SNPT,CRYPTO,,SNPIT TOKEN
SNSY,CRYPTO,,Sensay
SNTR,CRYPTO,,Sentre Protocol
SNT,CRYPTO,,Status
SNX,CRYPTO,,Synthetix
SNXXB,CRYPTO,,Tradr 2X Long SNDK ETF Tokenized bStocks
SODA,CRYPTO,,SODAX
SOFION,CRYPTO,,SoFi Technologies Tokenized Stock (Ondo)
SOIL,CRYPTO,,Soil
SOL,CRYPTO,,Solana
SOLVEX,CRYPTO,,Solvex Network
SOLV,CRYPTO,,Solv Protocol
SOLXS,CRYPTO,,Solaxy
SOMI,CRYPTO,,Somnia
SONICSV,CRYPTO,,Sonic SVM
SONI,CRYPTO,,Sonic
SOON2,CRYPTO,,SOON
SOPHO,CRYPTO,,Sophon
SOPH,CRYPTO,,SophiaVerse
SOSO,CRYPTO,,SoSoValue
SOUL,CRYPTO,,Phantasma
SOUNON,CRYPTO,,SoundHound AI Tokenized Stock (Ondo)
SOVRN,CRYPTO,,SOVRUN
SOXLB,CRYPTO,,Semicon Bull 3X ETF Tokenized bStocks
SOXLON,CRYPTO,,Direxion Daily Semi Bull 3X ETF Tokenized ETF (Ondo)
SOXLX,CRYPTO,,Direxion Semiconductor Bull 3X tokenized ETF (xStock)
SOXSB,CRYPTO,,Direxion Semiconductor Bear 3X ETF Tokenized bStocks
SOXSON,CRYPTO,,Direxion Daily Semi Bear 3X ETF Tokenized ETF (Ondo)
SOXXON,CRYPTO,,iShares Semiconductor Tokenized ETF (Ondo)
SPACECO,CRYPTO,,Spacecoin
SPACEM,CRYPTO,,SPACEM WORLD
SPACE,CRYPTO,,MicroVisionChain
SPARKLET,CRYPTO,,Upland (SPARKLET)
SPA,CRYPTO,,Sperax
SPCXB,CRYPTO,,SpaceX Tokenized bStocks
SPCXON,CRYPTO,,SpaceX Tokenized Stock (Ondo)
SPCXXSP,CRYPTO,,SpaceX tokenized stock (xStock)
SPEC,CRYPTO,,Spectral
SPELLFIRE,CRYPTO,,Spellfire
SPELL,CRYPTO,,Spell Token
SPGION,CRYPTO,,S&P Global Tokenized Stock (Ondo)
SPKS,CRYPTO,,Spark
SPOTON,CRYPTO,,Spotify Tokenized Stock (Ondo)
SPO,CRYPTO,,Spores Network
SPS,CRYPTO,,Splintershards
SPURS,CRYPTO,,Tottenham Hotspur Fan Token
SPX6,CRYPTO,,SPX6900
SPYB,CRYPTO,,State Street SPDR S&P 500 ETF Tokenized bStocks
SPYON,CRYPTO,,SPDR S&P 500 Tokenized ETF (Ondo)
SPYX,CRYPTO,,SP500 tokenized ETF (xStock)
SQD,CRYPTO,,Subsquid
SQGROW,CRYPTO,,Squid Grow
SQR,CRYPTO,,Magic Square
SQT,CRYPTO,,SubQuery Network
SRM,CRYPTO,,Serum
SRX,CRYPTO,,StorX Network
SSGS,CRYPTO,,SOMESING
SSV,CRYPTO,,ssv.network
STABLE3,CRYPTO,,Stable
STARP,CRYPTO,,Starpower
STAT,CRYPTO,,STAT
STAYNE,CRYPTO,,STAYNEX
STBL,CRYPTO,,STBL
STEEM,CRYPTO,,Steem
STETH,CRYPTO,,Lido Staked ETH
STG,CRYPTO,,Stargate Finance
STIK,CRYPTO,,Staika
STIX,CRYPTO,,STIX
STMON,CRYPTO,,STMicroelectronics Tokenized Stock (Ondo)
STOCH,CRYPTO,,STO CHAIN
STONKBROKER,CRYPTO,,StonkBroker
STOPL,CRYPTO,,LETSTOP
STORJ,CRYPTO,,Storj
STORMT,CRYPTO,,Storm Trade
STOST,CRYPTO,,StakeStone
STRAX,CRYPTO,,Xertra
STRCON,CRYPTO,,Strategy Stretch Preferred Tokenized Stock (Ondo)
STRCX,CRYPTO,,Strategy PP Variable tokenized stock (xStock)
STREAMF,CRYPTO,,Streamflow
STRIKES,CRYPTO,,StrikeBit AI
STRKS,CRYPTO,,Starknet
STRM,CRYPTO,,StreamCoin
STRX,CRYPTO,,Staked TRX
STSE,CRYPTO,,Sentio
STTST,CRYPTO,,Statter Network
STUPID,CRYPTO,,StupidCoin
STXON,CRYPTO,,Seagate Tokenized Stock (Ondo)
STXS,CRYPTO,,Stacks
SUI,CRYPTO,,Sui
SUKU,CRYPTO,,Suku
SUNDOG,CRYPTO,,SUNDOG
SUN,CRYPTO,,Sun (New)
SUPERC,CRYPTO,,PeerMe
SUPERF,CRYPTO,,Superfluid
SUPERP,CRYPTO,,Superp
SUPER,CRYPTO,,SuperVerse
SUPE,CRYPTO,,SUPE
SUPRA,CRYPTO,,SUPRA
SURGE2,CRYPTO,,Surge
SUSDE,CRYPTO,,Ethena Staked USDe
SUSHI,CRYPTO,,SushiSwap
SUTS,CRYPTO,,SuperTrust
SVL,CRYPTO,,Slash Vision Labs
SVNS,CRYPTO,,StakeVault.Network
SWANC,CRYPTO,,Swan Chain
SWAP,CRYPTO,,TrustSwap
SWARMB,CRYPTO,,SwarmBase
SWARMS,CRYPTO,,Swarms
SWASH,CRYPTO,,Swash
SWAY,CRYPTO,,Sway Protocol
SWCH,CRYPTO,,Swisscheese
SWEAT,CRYPTO,,SWEAT
SWELL,CRYPTO,,Swell Network
SWFTC,CRYPTO,,SwftCoin
SWGT,CRYPTO,,SmartWorld Global
SXT,CRYPTO,,Space and Time
SYL,CRYPTO,,myDID
SYMMS,CRYPTO,,SymVerse
SYMON,CRYPTO,,Symbotic Tokenized Stock (Ondo)
SYND,CRYPTO,,Syndicate
SYN,CRYPTO,,Synapse
SYRUP,CRYPTO,,Maple Finance
SYRUPUSDC,CRYPTO,,Syrup USDC
SYS,CRYPTO,,Syscoin
SZNB,CRYPTO,,BNB MEME SZN
TACP,CRYPTO,,TAC Protocol
TAGG,CRYPTO,,Tagger
TAIKO,CRYPTO,,Taiko
TAITA,CRYPTO,,TARS AI
TAKE,CRYPTO,,OVERTAKE
TALENT,CRYPTO,,Talent Protocol
TAOB,CRYPTO,,Bittensor
TAPP,CRYPTO,,Tap Protocol
TARA,CRYPTO,,Taraxa
TATSU2,CRYPTO,,Taτsu
TAUR,CRYPTO,,Marnotaur
TA,CRYPTO,,Trusta.AI
TAVA,CRYPTO,,ALTAVA
TBCTUR,CRYPTO,,TuringBitChain
TBK,CRYPTO,,TronBank
TBTC,CRYPTO,,tBTC
TCAPY,CRYPTO,,TonCapy
TCCTC,CRYPTO,,TCryptochicks
TCOM,CRYPTO,,TCOM Global
TCU29,CRYPTO,,Tempestas Copper
TDROP,CRYPTO,,ThetaDrop
TEA3,CRYPTO,,Tea Protocol
TEL,CRYPTO,,Telcoin
TEMCO,CRYPTO,,TEMCO
TERXT,CRYPTO,,"Teradyne, Inc. tokenized stock (xStock)"
TET,CRYPTO,,Tectum
TEVA,CRYPTO,,Tevaera
TFUEL,CRYPTO,,Theta Fuel
TGBP,CRYPTO,,Tokenised GBP
THEN,CRYPTO,,Thena
THETA,CRYPTO,,Theta Network
THL,CRYPTO,,Thala
THQ,CRYPTO,,Theoriq
TIA2,CRYPTO,,Celestia
TIBBIR,CRYPTO,,Ribbita by Virtuals
TICO,CRYPTO,,Funtico
TICS,CRYPTO,,Qubetics
TIPON,CRYPTO,,iShares TIPS Bond Tokenized ETF (Ondo)
TITN,CRYPTO,,THORWallet
TJRM,CRYPTO,,Tajir Tech Hub
TKO,CRYPTO,,Toko Token
TLM,CRYPTO,,Alien Worlds
TLOS,CRYPTO,,Telos
TLTON,CRYPTO,,iShares 20+ Year Treasury Bond Tokenized ETF (Ondo)
TMOON,CRYPTO,,Thermo Fisher Scientific Tokenized Stock (Ondo)
TMUSON,CRYPTO,,T-Mobile US Tokenized Stock (Ondo)
TMXT,CRYPTO,,TermMax
TNSR,CRYPTO,,Tensor
TOADTHE,CRYPTO,,The Toad Pepe
TOKAMAK,CRYPTO,,Tokamak Network
TOKENF,CRYPTO,,TokenFi
TONA,CRYPTO,,AT&T Tokenized Stock (Ondo)
TONIC,CRYPTO,,Tectonic
TONTO,CRYPTO,,TON Token
TOP,CRYPTO,,TOP AI Network
TORN,CRYPTO,,Tornado Cash
TOSHI3,CRYPTO,,Toshi
TOWER,CRYPTO,,TOWER
TOWNA,CRYPTO,,Alt.town
TOWNS,CRYPTO,,Towns
TPTU,CRYPTO,,Trading and Payment Token
TQQQB,CRYPTO,,ProShares UltraPro QQQ Tokenized bStocks
TQQQON,CRYPTO,,ProShares UltraPro QQQ Tokenized Stock (Ondo)
TQQQX,CRYPTO,,TQQQ tokenized ETF (xStock)
TRAC2,CRYPTO,,trac (Ordinals)
TRAC,CRYPTO,,OriginTrail
TRADEP,CRYPTO,,Polytrade
TRADOOR,CRYPTO,,Tradoor
TRALA,CRYPTO,,TRALA
TRA,CRYPTO,,Trabzonspor Fan Token
TRB,CRYPTO,,Tellor
TRCL,CRYPTO,,Treecle
TRCTE,CRYPTO,,Terrace
TREAT3,CRYPTO,,Shiba Inu TREAT
TREEH,CRYPTO,,Treehouse
TRENCHER,CRYPTO,,Trencher
TRIA2,CRYPTO,,Tria
TRIOO,CRYPTO,,TRIO (OrdinalsBot)
TROLL2,CRYPTO,,Troll
TROLLSO,CRYPTO,,TROLL (SOL)
TRUEB,CRYPTO,,Truebit
TRUF,CRYPTO,,TRUF.Network
TRUMPM,CRYPTO,,MAGA
TRUMPOF,CRYPTO,,OFFICIAL TRUMP
TRUSTI,CRYPTO,,Intuition
TRUTHSW,CRYPTO,,Swarm Network
TRU,CRYPTO,,TrueFi
TRVL,CRYPTO,,TRVL (Dtravel)
TRWA,CRYPTO,,Tharwa
TRX,CRYPTO,,TRON
TSLAB,CRYPTO,,Tesla Tokenized bStocks
TSLAON,CRYPTO,,Tesla Tokenized Stock (Ondo)
TSLAX,CRYPTO,,Tesla tokenized stock (xStock)
TSMBT,CRYPTO,,TSMC Tokenized bStocks
TSMON,CRYPTO,,Taiwan Semiconductor Manufacturing Tokenized Stock (Ondo)
TSMX,CRYPTO,,TSMC tokenized stock(xStock)
TSTTE,CRYPTO,,Test
TTD,CRYPTO,,TradeTide
TTNTO,CRYPTO,,toyow
TTON,CRYPTO,,Trane Technologies Tokenized Stock (Ondo)
TT,CRYPTO,,ThunderCore
TUNEB,CRYPTO,,Bitune
TUP,CRYPTO,,TenUp
TURBOS,CRYPTO,,Turbos Finance
TURBO,CRYPTO,,Turbo
TURTLE2,CRYPTO,,Turtle
TURT,CRYPTO,,Turtsat
T,CRYPTO,,Threshold
TUSD,CRYPTO,,TrueUSD
TUTO,CRYPTO,,Tutorial
TWT,CRYPTO,,Trust Wallet Token
TX2,CRYPTO,,tx
TXNON,CRYPTO,,Texas Instruments Tokenized Stock (Ondo)
TYCOOND,CRYPTO,,Dino Tycoon
U2U,CRYPTO,,U2U Network
UAIU,CRYPTO,,UnifAI Network
UBERON,CRYPTO,,Uber Tokenized Stock (Ondo)
UBUN,CRYPTO,,Unibase
UCN,CRYPTO,,Uchain
UDAO,CRYPTO,,UDAO
UDS,CRYPTO,,Undeads Games
UFD,CRYPTO,,Unicorn Fart Dust
ULTIMATO,CRYPTO,,Ultima
ULTIV,CRYPTO,,Ultiverse
UMA,CRYPTO,,UMA
UMCON,CRYPTO,,United Microelectronics Tokenized Stock (Ondo)
UMXM,CRYPTO,,Manadia
UNA,CRYPTO,,Unagi Token
UNFI,CRYPTO,,Unifi Protocol DAO
UNGON,CRYPTO,,US Natural Gas Fund Tokenized Stock (Ondo)
UNHON,CRYPTO,,UnitedHealth Tokenized Stock (Ondo)
UNHX,CRYPTO,,UnitedHealth tokenized stock (xStock)
UNION,CRYPTO,,Union
UNIT0,CRYPTO,,UNIT0
UNITED,CRYPTO,,United Stables
UNI,CRYPTO,,Uniswap
UNN,CRYPTO,,UNION Protocol Governance Token
UNPON,CRYPTO,,Union Pacific Corporation Tokenized Stock (Ondo)
UNP,CRYPTO,,UNIPOLY
UOS,CRYPTO,,Ultra
UPC,CRYPTO,,UPCX
UPSU,CRYPTO,,Superform
UPUN,CRYPTO,,Unitas
UQC,CRYPTO,,Uquid Coin
URANUS,CRYPTO,,Uranus
URAON,CRYPTO,,Global X Uranium Tokenized ETF (Ondo)
USAD2,CRYPTO,,USAD
USARB,CRYPTO,,USA Rare Earth Tokenized bStocks
USARON,CRYPTO,,USA Rare Earth Tokenized Stock (Ondo)
USAT2,CRYPTO,,USAT
USD1W,CRYPTO,,World Liberty Financial USD
USDB2,CRYPTO,,USDB
USDC,CRYPTO,,USDC
USDD,CRYPTO,,USDD
USDEE,CRYPTO,,Ethena USDe
USDFF,CRYPTO,,Falcon USD
USDGG,CRYPTO,,Global Dollar
USDGO,CRYPTO,,USDGO
USDHHY,CRYPTO,,USDH
USDPT,CRYPTO,,U.S. Dollar Payment Token
USDP,CRYPTO,,Pax Dollar
USDQ,CRYPTO,,Quantoz USDQ
USDRS,CRYPTO,,StablR USD
USDS2,CRYPTO,,USDS
USDSUI,CRYPTO,,USDsui
USDT0,CRYPTO,,USDT0
USDTB,CRYPTO,,Ethena Labs (USDTb)
USDT,CRYPTO,,Tether USDt
USDUCU,CRYPTO,,Unstable Coin
USDYO,CRYPTO,,Ondo US Dollar Yield
USELESS,CRYPTO,,Useless Coin
USFRON,CRYPTO,,WisdomTree Floating Rate Treasury Tokenized Fund (Ondo)
USTC,CRYPTO,,TerraClassicUSD
USUAL,CRYPTO,,Usual
US,CRYPTO,,Talus
USXS,CRYPTO,,Solstice USX
UXLINK,CRYPTO,,UXLINK
VAIO,CRYPTO,,VAIOT
VAL,CRYPTO,,Validity
VANA2,CRYPTO,,Vana
VANRY,CRYPTO,,Vanar Chain
VARAN,CRYPTO,,Vara Network
VATRENI,CRYPTO,,Croatian Football Federation Token
VCVI,CRYPTO,,VinuChain
VDR,CRYPTO,,Vodra
VELOD,CRYPTO,,Velodrome Finance
VELO,CRYPTO,,Velo
VELVET,CRYPTO,,Velvet
VEMP,CRYPTO,,VEMP
VENOM2,CRYPTO,,Venom
VEREM,CRYPTO,,Verified Emeralds
VERSEW,CRYPTO,,Verse World
VERT,CRYPTO,,Vertus
VET,CRYPTO,,VeChain
VEXA,CRYPTO,,Vexanium
VEXP,CRYPTO,,ProjectVex
VFYZ,CRYPTO,,zkVerify
VICT,CRYPTO,,Viction
VINE,CRYPTO,,Vine Coin
VINU,CRYPTO,,Vita Inu
VIRTUAL,CRYPTO,,Virtuals Protocol
VISTAE,CRYPTO,,Ethervista
VMT,CRYPTO,,Vemate
VNO,CRYPTO,,Veno Finance
VOLT,CRYPTO,,Volt Inu
VON,CRYPTO,,Vameon
VONV,CRYPTO,,Visa Tokenized Stock (Ondo)
VOOI,CRYPTO,,VOOI
VOW,CRYPTO,,Vow
VOXEL,CRYPTO,,Voxies
VPR,CRYPTO,,VaporFund
VRA,CRYPTO,,Verasity
VRTON,CRYPTO,,Vertiv Tokenized Stock (Ondo)
VRTXON,CRYPTO,,Vertex Pharmaceuticals Tokenized Stock (Ondo)
VRTXV,CRYPTO,,Vertiv Holdings Co tokenized stock (xStock)
VR,CRYPTO,,Victoria VR
VSN,CRYPTO,,Vision
VSTON,CRYPTO,,Vistra Tokenized Stock (Ondo)
VSX,CRYPTO,,Versus-X
VSYS,CRYPTO,,v.systems
VTHO,CRYPTO,,VeThor Token
VTIX,CRYPTO,,Vanguard tokenized ETF (xStock)
VTR,CRYPTO,,VTRADING
VULT,CRYPTO,,Vultisig
VVS,CRYPTO,,VVS Finance
VVV,CRYPTO,,Venice Token
VXT,CRYPTO,,Voxto Amplify
VZON,CRYPTO,,Verizon Tokenized Stock (Ondo)
WAGG,CRYPTO,,Waggle Network
WAIWO,CRYPTO,,World3
WALLET,CRYPTO,,Ambire Wallet
WALR,CRYPTO,,Walrus
WAM,CRYPTO,,WAM
WAN,CRYPTO,,Wanchain
WAR2,CRYPTO,,WAR
WARD,CRYPTO,,Warden
WATC,CRYPTO,,WATCoin
WATTD,CRYPTO,,D. Energy
WAVES,CRYPTO,,Waves
WAXP,CRYPTO,,WAX
WBAI,CRYPTO,,WhiteBridge Network
WBETH,CRYPTO,,Wrapped Beacon ETH
WBTC,CRYPTO,,Wrapped Bitcoin
WBT,CRYPTO,,WhiteBIT Coin
WCTW,CRYPTO,,WalletConnect Token
WDCB,CRYPTO,,Western Digital Tokenized bStocks
WDCON,CRYPTO,,Western Digital Tokenized Stock (Ondo)
WDCX,CRYPTO,,Western Digital tokenized stock (xStock)
WECAN,CRYPTO,,Wecan Group
WEETH,CRYPTO,,Wrapped eETH
WEGLD,CRYPTO,,Wrapped EGLD
WELF,CRYPTO,,WELF
WELL3,CRYPTO,,WELL3
WELL,CRYPTO,,Moonwell
WEMIX,CRYPTO,,WEMIX
WEN2,CRYPTO,,Wen
WEPE,CRYPTO,,Wall Street Pepe
WETH,CRYPTO,,WETH
WETHU,CRYPTO,,Humidifi
WEXO,CRYPTO,,Wexo
WFCON,CRYPTO,,Wells Fargo Tokenized Stock (Ondo)
WHITEWHALE,CRYPTO,,The White Whale
WHY2,CRYPTO,,WHY
WIF,CRYPTO,,dogwifhat
WILD,CRYPTO,,Wilder World
WIN,CRYPTO,,WINkLink
WISHBONE,CRYPTO,,WISHBONE
WKC,CRYPTO,,Wiki Cat
WLDW,CRYPTO,,Worldcoin
WLFIO,CRYPTO,,World Liberty Financial
WLW,CRYPTO,,WorldLand
WMONW,CRYPTO,,Waste Management Tokenized Stock (Ondo)
WMTON,CRYPTO,,Walmart Tokenized Stock (Ondo)
WMTX,CRYPTO,,World Mobile Token
WNCG,CRYPTO,,Nine Chronicles
WNDR,CRYPTO,,Wonderman Nation
WNT,CRYPTO,,Wicrypt
WODW,CRYPTO,,World of Dypians
WOJAK2,CRYPTO,,wojak
WOJAK5,CRYPTO,,Wojak
WOLFLANDW,CRYPTO,,Landwolf 0x67
WOOFS,CRYPTO,,Shibinhood
WOO,CRYPTO,,WOO
WOTAMALAILIAO,CRYPTO,,Wo Ta Ma Lai Liao
WPAYW,CRYPTO,,WPAY
WQUIL,CRYPTO,,Wrapped QUIL
WRON,CRYPTO,,Wrapped Ronin
WRT,CRYPTO,,WingRiders Governance Token
WRX,CRYPTO,,WazirX
WSBWA,CRYPTO,,WALL STREET BABY
WSDM,CRYPTO,,Wisdomise AI
WSTETH,CRYPTO,,Lido wstETH
W,CRYPTO,,Wormhole
WXTM,CRYPTO,,Wrapped MinoTari
WXT,CRYPTO,,Wirex Token
WXTW,CRYPTO,,WEEX Token
WZRD,CRYPTO,,Wizardia
XAH,CRYPTO,,Xahau
XAI7,CRYPTO,,Xai
XANA,CRYPTO,,Anoma
XAUM,CRYPTO,,Matrixdock Gold
XAUT,CRYPTO,,Tether Gold
XAVA,CRYPTO,,Avalaunch
XBTCO,CRYPTO,,OKX Wrapped BTC
XBT,CRYPTO,,XBIT
XCH,CRYPTO,,Chia
XCN,CRYPTO,,Onyxcoin
XCV,CRYPTO,,XCarnival
XCX,CRYPTO,,Xeleb Protocol
XDB,CRYPTO,,XDB CHAIN
XDC,CRYPTO,,XDC Network
XEC,CRYPTO,,eCash
XEF2,CRYPTO,,XEFFY
XELI,CRYPTO,,XELIS
XELS,CRYPTO,,XELS
XEM,CRYPTO,,NEM
XEN,CRYPTO,,XEN Crypto
XEP,CRYPTO,,Electra Protocol
XE,CRYPTO,,X empire
XFIM,CRYPTO,,CrossFi
XGZ,CRYPTO,,GoldZip
XINM,CRYPTO,,Mixin
XION,CRYPTO,,XION
XIUXIAN,CRYPTO,,Xiu Xian
XL1,CRYPTO,,XL1
XLABD,CRYPTO,,Dexlab
XLEX,CRYPTO,,Energy Select Sector SPDR Fund tokenized stock(xStock)
XLM,CRYPTO,,Stellar
XLS,CRYPTO,,ELIS
XMN,CRYPTO,,xMoney
XMR,CRYPTO,,Monero
XNA,CRYPTO,,Neurai
XNLN,CRYPTO,,Novastro
XNON,CRYPTO,,Nano
XNT,CRYPTO,,Neptune
XNY,CRYPTO,,Codatta
XOMON,CRYPTO,,Exxon Mobil Tokenized Stock (Ondo)
XOXNO,CRYPTO,,XOXNO
XPH,CRYPTO,,Xphere
XPIN,CRYPTO,,XPIN Network
XPLA,CRYPTO,,CONX
XPL,CRYPTO,,Plasma
XPRT,CRYPTO,,Persistence One
XPR,CRYPTO,,XPR Network
XPX,CRYPTO,,Sirius Chain
XRAD,CRYPTO,,XRADERS
XRB,CRYPTO,,OroBit
XRD,CRYPTO,,Radix
XRPAYNET,CRYPTO,,XRPayNet
XRPC,CRYPTO,,Xrp Classic (new)
XRPHAIE,CRYPTO,,XRP Healthcare AI
XRPH,CRYPTO,,XRP Healthcare
XRP,CRYPTO,,XRP
XSEED,CRYPTO,,MXS Games DAO
XSGD,CRYPTO,,XSGD
XSWAP,CRYPTO,,XSwap
XTAG,CRYPTO,,xHashtag AI
XTERI,CRYPTO,,Xterio
XTMM,CRYPTO,,MinoTari (Tari L1)
XT,CRYPTO,,XT.COM
XTZ,CRYPTO,,Tezos
XU3O8,CRYPTO,,xU3O8
XUSD2,CRYPTO,,StraitsX USD
XVG,CRYPTO,,Verge
XVS,CRYPTO,,Venus
XX,CRYPTO,,xx network
XYM,CRYPTO,,Symbol
XYO,CRYPTO,,XYO
XZK,CRYPTO,,Expand
Y8U,CRYPTO,,Y8U
YACHT,CRYPTO,,YachtingVerse
YBDBD,CRYPTO,,Yabba Dabba Doo!
YB,CRYPTO,,YieldBasis
YCT,CRYPTO,,Youclout
YEETO,CRYPTO,,Yee Token
YFII,CRYPTO,,DFI.Money
YFI,CRYPTO,,Yearn
YGG,CRYPTO,,Yield Guild Games
YNE,CRYPTO,,yesnoerror
YOM,CRYPTO,,YOM
YURU,CRYPTO,,YURU COIN
ZAMA,CRYPTO,,Zama
ZANO,CRYPTO,,Zano
ZARA,CRYPTO,,ZARA AI
ZBCN,CRYPTO,,Zebec Network
ZBTZ,CRYPTO,,ZEROBASE
ZCHF,CRYPTO,,Frankencoin
ZCX,CRYPTO,,Unizen
ZEC,CRYPTO,,Zcash
ZENT,CRYPTO,,Zentry
ZEN,CRYPTO,,Horizen
ZEPH,CRYPTO,,Zephyr Protocol
ZEREBRO,CRYPTO,,Zerebro
ZEROA,CRYPTO,,Analysoor
ZEST,CRYPTO,,Zest Protocol
ZETAC,CRYPTO,,ZetaChain
ZETRIX,CRYPTO,,Zetrix
ZEUM,CRYPTO,,Colizeum
ZEUSN,CRYPTO,,Zeus Network
ZEUSP,CRYPTO,,Pepes Dog
ZEX,CRYPTO,,Zeta
ZF,CRYPTO,,zkSwap Finance
ZIG,CRYPTO,,ZIGChain
ZIL,CRYPTO,,Zilliqa
ZIX,CRYPTO,,Coinzix
ZKCB,CRYPTO,,Boundless
ZKJ,CRYPTO,,Polyhedra Network
ZKL,CRYPTO,,zkLink
ZKPA,CRYPTO,,zkPass
ZKP,CRYPTO,,Panther Protocol
ZKSY,CRYPTO,,zkSync
ZLW,CRYPTO,,Zelwin
ZMX,CRYPTO,,Zoom Communications tokenized stock (xStock)
ZOOMC,CRYPTO,,CoinZoom
ZOON,CRYPTO,,CryptoZoon
ZORA2,CRYPTO,,ZORA
ZPAY,CRYPTO,,ZoidPay
ZRCZ,CRYPTO,,Zircuit
ZROL,CRYPTO,,LayerZero
ZRX,CRYPTO,,0x Protocol
ZSC,CRYPTO,,Zeusshield
ZSWAP,CRYPTO,,ZygoSwap
ZTCZ,CRYPTO,,ZenChain
ZTX,CRYPTO,,ZTX
ZYLO,CRYPTO,,Zylo Ecosystem
