LSE:ACWD,LSE,IE00B44Z5B48,SSGA SPDR ETFs Europe I Plc - MSCI All Con. Wld. UCITS ETF
AQUIS:ACWD.GB,AQUIS,IE00B44Z5B48,SSGA SPDR ETFs Europe I Plc - MSCI All Con. Wld. UCITS ETF
BMV:ACWD/N,BMV,IE00B44Z5B48,SSGA SPDR ETFs Europe I Plc - MSCI All Con. Wld. UCITS ETF
EURONEXT:ACWE,EURONEXT,IE00B44Z5B48,SSGA SPDR ETFs Europe I Plc - MSCI All Con. Wld. UCITS ETF
EURONEXT:ACWE-ETFP,EURONEXT,IE00B44Z5B48,SSGA SPDR ETFs Europe I Plc - MSCI All Con. Wld. UCITS ETF
OTC:ACWEF,OTC,IE00B44Z5B48,SSGA SPDR ETFS Europe I PLC
BIVA:ACWI,BIVA,US4642882579,iShares MSCI ACWI ETF
BMV:ACWI,BMV,US4642882579,iShares MSCI ACWI ETF
EURONEXT:ACWI,EURONEXT,LU1829220216,Amundi MSCI All Country World ETF -Acc (EUR)- Capitalisation
SIX:ACWI,SIX,IE00B44Z5B48,SSGA SPDR ETFs Europe I Plc - MSCI All Con. Wld. UCITS ETF
LSE:ACWI,LSE,IE00B44Z5B48,SSGA SPDR ETFs Europe I Plc - MSCI All Con. Wld. UCITS ETF
NASDAQ:ACWI,NASDAQ,US4642882579,iShares MSCI ACWI ETF
EURONEXT:ACWI-ETFP,EURONEXT,LU1829220216,Amundi MSCI All Country World ETF -Acc (EUR)- Capitalisation
AQUIS:ACWI.GB,AQUIS,IE00B44Z5B48,SSGA SPDR ETFs Europe I Plc - MSCI All Con. Wld. UCITS ETF
BMFBOVESPA:ACWI11,BMFBOVESPA,BRACWICTF001,Trend ETF Bloomberg All Countries Classe De indice R LTD A
EURONEXT:ACWIA,EURONEXT,IE00BYM11H29,UBS (Irl) Fund Solutions Plc - MSCI ACWI SF UCITS ETF
BX:ACWIA,BX,IE00BYM11H29,UBS (Irl) Fund Solutions Plc - MSCI ACWI SF UCITS ETF
SIX:ACWIA.USD,SIX,IE00BYM11H29,UBS (Irl) Fund Solutions Plc - MSCI ACWI SF UCITS ETF
EURONEXT:ACWIE,EURONEXT,IE00BYM11K57,UBS (Irl) Fund Solutions Plc - MSCI ACWI SF UCITS ETF
SIX:ACWIE.EUR,SIX,IE00BYM11K57,UBS (Irl) Fund Solutions Plc - MSCI ACWI SF UCITS ETF
SIX:ACWIJ.JPY,SIX,IE00BD495N16,UBS (Irl) Fund Solutions Plc - MSCI ACWI SF UCITS ETF
SIX:ACWIS,SIX,IE00BYM11L64,UBS (Irl) Fund Solutions Plc - MSCI ACWI SF UCITS ETF
BX:ACWIS,BX,IE00BYM11L64,UBS (Irl) Fund Solutions Plc - MSCI ACWI SF UCITS ETF
SIX:ACWIU.USD,SIX,IE00BYM11J43,UBS (Irl) Fund Solutions Plc - MSCI ACWI SF UCITS ETF
BMV:ACWIU/N,BMV,IE00BYM11J43,UBS (Irl) Fund Solutions Plc - MSCI ACWI SF UCITS ETF