TSX:IIMF,TSX,CA46146Y1034,Invesco International Developed Dynamic-Multifactor Index ETF Trust Unit
TSX:IIMF.F,TSX,CA46146Y2024,Invesco International Developed Dynamic-Multifactor Index ETF Trust Unit -Hedged-
NEO:IIMF.F,NEO,CA46146Y2024,Invesco International Developed Dynamic-Multifactor Index ETF Trust Unit -Hedged-
ASX:IIND,ASX,AU0000053126,Betashares India Quality ETF Units
LSE:IIND,LSE,IE00BZCQB185,iShares MSCI India UCITS ETF
AQUIS:IIND.GB,AQUIS,IE00BZCQB185,iShares MSCI India UCITS ETF
OTC:IIQPF,OTC,IE00BD1F4N50,ISHARES IV PLC
OTC:IIREF,OTC,IE00B0M62Q58,IShares Plc.
OTC:IISBF,OTC,IE0000UJ3480,ISHARES V PLC IBONDS DEC 2028 TERM USD CORP UCITS ETF
OTC:IISGF,OTC,IE00B1FZS467,iShares II plc.
OTC:IISHF,OTC,IE00B5M4WH52,Ishares III Plc
LSE:IISU,LSE,IE00B4LN9N13,iShares S&P 500 Industrials Sector UCITS ETF